delete from m_div;
insert into m_div(div_cd, div_nm, modified_date) values
    ('14000100', '技術部', current_timestamp)
;

delete from m_topic_info;
insert into m_topic_info(order_detail, order_rowno, project_nm, customer, group_id, disp_seq, del_flg, modified_date) values 
(N'ZAB202300017',N'1',N'間接プロジェクト（43期）',N'【社内処理】株式会社ｴｽｼｰｱｲ',N'SC000',1,N'1', current_timestamp)
,(N'ZAB202300064',N'1',N'【AE0172420】AFP,ACSｼｽﾃﾑｻﾎﾟｰﾄ2024上期',N'旭化成エンジニアリング株式会社',N'AA000',1,N'0', current_timestamp)
,(N'ZAB202300089',N'1',N'翻訳センター保守202408',N'株式会社　翻訳センター',N'HO000',1,N'1', current_timestamp)
,(N'ZAB202300095',N'2',N'【AE0174795】KJ様　ｻｰﾊﾞｰﾒﾝﾃﾅﾝｽ手順書作成',N'旭化成エンジニアリング株式会社',N'AA000',2,N'1', current_timestamp)
,(N'ZAB202300099',N'1',N'【AE0174850】調合原材料天秤計量ｼｽﾃﾑ追加',N'旭化成エンジニアリング株式会社',N'AA000',3,N'1', current_timestamp)
,(N'ZAB202300109',N'1',N'【AE0176136】KJ様　ｼｽﾃﾑｻﾎﾟｰﾄ保守2024下期',N'旭化成エンジニアリング株式会社',N'AA000',5,N'1', current_timestamp)
,(N'ZAB202300110',N'1',N'【AE0175942】AFP,ACSｼｽﾃﾑｻﾎﾟｰﾄ2024下期',N'旭化成エンジニアリング株式会社',N'AA000',6,N'1', current_timestamp)
,(N'ZAB202300112',N'1',N'【AE0175992】HP 管理機能追加',N'旭化成エンジニアリング株式会社',N'AA000',7,N'1', current_timestamp)
,(N'ZAB202400001',N'1',N'間接プロジェクト（44期）',N'【社内処理】株式会社ｴｽｼｰｱｲ',N'SC000',2,N'0', current_timestamp)
,(N'ZAB202400002',N'1',N'SSV作業 2024年11月',N'株式会社ソフトサービス',N'SO000',7,N'1', current_timestamp)
,(N'ZAB202400003',N'1',N'SSV作業 2024年12月',N'株式会社ソフトサービス',N'SO000',15,N'1', current_timestamp)
,(N'ZAB202400004',N'1',N'SSV作業 2025年01月',N'株式会社ソフトサービス',N'SO000',23,N'1', current_timestamp)
,(N'ZAB202400005',N'1',N'SSV作業 2025年02月',N'株式会社ソフトサービス',N'SO000',31,N'1', current_timestamp)
,(N'ZAB202400006',N'1',N'SSV作業 2025年03月',N'株式会社ソフトサービス',N'SO000',37,N'1', current_timestamp)
,(N'ZAB202400007',N'1',N'SSV作業 2025年04月',N'株式会社ソフトサービス',N'SO000',44,N'1', current_timestamp)
,(N'ZAB202400008',N'1',N'SSV作業 2025年05月',N'株式会社ソフトサービス',N'SO000',54,N'1', current_timestamp)
,(N'ZAB202400009',N'1',N'SSV作業 2025年06月',N'株式会社ソフトサービス',N'SO000',60,N'1', current_timestamp)
,(N'ZAB202400010',N'1',N'SSV作業 2025年07月',N'株式会社ソフトサービス',N'SO000',67,N'1', current_timestamp)
,(N'ZAB202400011',N'1',N'SSV作業 2025年08月',N'株式会社ソフトサービス',N'SO000',73,N'0', current_timestamp)
,(N'ZAB202400014',N'1',N'PPE_ﾘｸﾞﾄﾞﾛｯﾌﾟ社_生産管理ｼｽﾃﾑ(設計_後半)',N'株式会社ソフトサービス',N'SO000',8,N'1', current_timestamp)
,(N'ZAB202400015',N'1',N'PPE_徳島工場(ｲｵﾝ生産管理ｼｽﾃﾑ)2024年11月',N'株式会社ソフトサービス',N'SO000',2,N'1', current_timestamp)
,(N'ZAB202400016',N'1',N'PHC_自動培養装置 開発支援(2024年11月)',N'株式会社ソフトサービス',N'SO000',3,N'1', current_timestamp)
,(N'ZAB202400017',N'1',N'【AE0176431】建材ｺﾐｭﾆｹｰｼｮﾝｼｽﾃﾑ要望対応',N'旭化成エンジニアリング株式会社',N'AA000',4,N'1', current_timestamp)
,(N'ZAB202400018',N'1',N'PPE_KSプロコン(カンザス)2024年11月',N'株式会社ソフトサービス',N'SO000',4,N'1', current_timestamp)
,(N'ZAB202400019',N'1',N'BSW_2024.11_要件定義ﾌｪｰｽﾞ支援作業',N'株式会社ソフトサービス',N'SO000',5,N'1', current_timestamp)
,(N'ZAB202400020',N'1',N'システムクリエイト保守202412',N'株式会社システムクリエイト',N'SH000',1,N'1', current_timestamp)
,(N'ZAB202400021',N'1',N'ｶﾝﾉ_筑肥・西唐津線自動放送ｱﾌﾟﾘ改(202411)',N'株式会社ソフトサービス',N'SO000',1,N'1', current_timestamp)
,(N'ZAB202400022',N'1',N'LSシステム　宇都宮（2024年11月）',N'株式会社ソフトサービス',N'SO000',6,N'1', current_timestamp)
,(N'ZAB202400023',N'1',N'LSシステム　宇都宮（2024年12月）',N'株式会社ソフトサービス',N'SO000',11,N'1', current_timestamp)
,(N'ZAB202400024',N'1',N'LSシステム　宇都宮（2025年01月）',N'株式会社ソフトサービス',N'SO000',19,N'1', current_timestamp)
,(N'ZAB202400025',N'1',N'LSシステム　宇都宮（2025年02月）',N'株式会社ソフトサービス',N'SO000',26,N'1', current_timestamp)
,(N'ZAB202400026',N'1',N'ダイハツ　TVECS通信処理対応',N'株式会社クレオ',N'KU000',1,N'1', current_timestamp)
,(N'ZAB202400027',N'1',N'PPE_ﾘｸﾞﾄﾞﾛｯﾌﾟ社_生産管理ｼｽﾃﾑ(開発_先行)',N'株式会社ソフトサービス',N'SO000',9,N'1', current_timestamp)
,(N'ZAB202400028',N'1',N'PPE_徳島工場(ｲｵﾝ生産管理ｼｽﾃﾑ)2024年12月',N'株式会社ソフトサービス',N'SO000',12,N'1', current_timestamp)
,(N'ZAB202400029',N'1',N'PPE_KSプロコン(カンザス)2024年12月',N'株式会社ソフトサービス',N'SO000',13,N'1', current_timestamp)
,(N'ZAB202400030',N'1',N'PHC_自動培養装置 開発支援(2024年12月)',N'株式会社ソフトサービス',N'SO000',14,N'1', current_timestamp)
,(N'ZAB202400032',N'1',N'JRCS保守202412',N'JRCS 株式会社',N'JR000',1,N'1', current_timestamp)
,(N'ZAB202400033',N'1',N'ｶﾝﾉ_筑肥・西唐津線自動放送ｱﾌﾟﾘ改(202412)',N'株式会社ソフトサービス',N'SO000',16,N'1', current_timestamp)
,(N'ZAB202400034',N'1',N'BSW_2024.12_要件定義ﾌｪｰｽﾞ支援作業',N'株式会社ソフトサービス',N'SO000',10,N'1', current_timestamp)
,(N'ZAB202400035',N'1',N'PPE_KSプロコン(カンザス)2025年1月',N'株式会社ソフトサービス',N'SO000',20,N'1', current_timestamp)
,(N'ZAB202400036',N'1',N'PHC_自動培養装置 開発支援(2025年1月)',N'株式会社ソフトサービス',N'SO000',21,N'1', current_timestamp)
,(N'ZAB202400037',N'1',N'PPE_徳島工場(ｲｵﾝ生産管理ｼｽﾃﾑ)2025年1月',N'株式会社ソフトサービス',N'SO000',22,N'1', current_timestamp)
,(N'ZAB202400038',N'1',N'PPE_ﾘｸﾞﾄﾞﾛｯﾌﾟ社_生産管理ｼｽﾃﾑ(開発ﾌｪｰｽﾞ)',N'株式会社ソフトサービス',N'SO000',17,N'1', current_timestamp)
,(N'ZAB202400039',N'1',N'【AE0177583】富士感光材AP21ｻｰﾊﾞoracle移',N'旭化成エンジニアリング株式会社',N'AA000',8,N'1', current_timestamp)
,(N'ZAB202400040',N'1',N'【AEC】MAL向けAPITs202501-202503',N'旭化成エンジニアリング株式会社',N'AA000',9,N'1', current_timestamp)
,(N'ZAB202400041',N'1',N'【AEC】MAL向けAPITs202508-09',N'旭化成エンジニアリング株式会社',N'AA000',20,N'0', current_timestamp)
,(N'ZAB202400043',N'1',N'化研マテリアル保守202502',N'化研マテリアル株式会社',N'KA000',1,N'1', current_timestamp)
,(N'ZAB202400044',N'1',N'PPE_KSプロコン(カンザス)2025年2月',N'株式会社ソフトサービス',N'SO000',27,N'1', current_timestamp)
,(N'ZAB202400045',N'1',N'PPE_徳島工場(ｲｵﾝ生産管理ｼｽﾃﾑ)2025年2月',N'株式会社ソフトサービス',N'SO000',28,N'1', current_timestamp)
,(N'ZAB202400046',N'1',N'PHC_自動培養装置 開発支援(2025年2月)',N'株式会社ソフトサービス',N'SO000',29,N'1', current_timestamp)
,(N'ZAB202400047',N'1',N'【AE0178137】ﾊｲﾎﾟｱ保守ｻﾎﾟｰﾄ支援202502',N'旭化成エンジニアリング株式会社',N'AA000',11,N'1', current_timestamp)
,(N'ZAB202400048',N'1',N'【AE0178171】ACT基幹ｼｽﾃﾑ年間保守対応2月',N'旭化成エンジニアリング株式会社',N'AA000',12,N'1', current_timestamp)
,(N'ZAB202400049',N'1',N'BSW_2025.01_要件定義ﾌｪｰｽﾞ支援作業',N'株式会社ソフトサービス',N'SO000',18,N'1', current_timestamp)
,(N'ZAB202400050',N'1',N'システムケイ向けWeb解析業務',N'株式会社ソフトサービス',N'SO000',30,N'1', current_timestamp)
,(N'ZAB202400051',N'1',N'ダイハツ　TVECS SUCS法規対応_1月',N'株式会社クレオ',N'KU000',2,N'1', current_timestamp)
,(N'ZAB202400052',N'1',N'小山保守202503',N'小山株式会社',N'OY000',1,N'1', current_timestamp)
,(N'ZAB202400053',N'1',N'工場CIMアラート機能追加',N'旭化成エンジニアリング株式会社',N'AA000',10,N'1', current_timestamp)
,(N'ZAB202400054',N'1',N'PHC_自動培養装置 開発支援(2025年3月)',N'株式会社ソフトサービス',N'SO000',34,N'1', current_timestamp)
,(N'ZAB202400055',N'1',N'PPE_徳島工場(ｲｵﾝ生産管理ｼｽﾃﾑ)2025年3月',N'株式会社ソフトサービス',N'SO000',35,N'1', current_timestamp)
,(N'ZAB202400056',N'1',N'PPE_KSプロコン(カンザス)2025年3月',N'株式会社ソフトサービス',N'SO000',38,N'1', current_timestamp)
,(N'ZAB202400057',N'1',N'ｶﾝﾉ_筑肥・西唐津線自動放送ｱﾌﾟﾘ改(202502)',N'株式会社ソフトサービス',N'SO000',24,N'1', current_timestamp)
,(N'ZAB202400058',N'1',N'ｶﾝﾉ_筑肥・西唐津線自動放送ｱﾌﾟﾘ改(202503)',N'株式会社ソフトサービス',N'SO000',32,N'1', current_timestamp)
,(N'ZAB202400059',N'1',N'ｶﾝﾉ_筑肥・西唐津線自動放送ｱﾌﾟﾘ改(202504)',N'株式会社ソフトサービス',N'SO000',39,N'1', current_timestamp)
,(N'ZAB202400060',N'1',N'BSW_2025.01_要件定義ﾌｪｰｽﾞ支援作業',N'株式会社ソフトサービス',N'SO000',25,N'1', current_timestamp)
,(N'ZAB202400061',N'1',N'PPE_ﾘｸﾞﾄﾞﾛｯﾌﾟ社_生産管理ｼｽﾃﾑ(開発)追加',N'株式会社ソフトサービス',N'SO000',36,N'1', current_timestamp)
,(N'ZAB202400062',N'1',N'PPE_徳島工場(ｲｵﾝ生産管理ｼｽﾃﾑ)2025年4月',N'株式会社ソフトサービス',N'SO000',41,N'1', current_timestamp)
,(N'ZAB202400063',N'1',N'PPE_KSプロコン(カンザス)2025年4月',N'株式会社ソフトサービス',N'SO000',42,N'1', current_timestamp)
,(N'ZAB202400064',N'1',N'PHC_自動培養装置 開発支援(2025年4月)',N'株式会社ソフトサービス',N'SO000',43,N'1', current_timestamp)
,(N'ZAB202400065',N'1',N'【AE0179624】ハイポア保守ｻﾎﾟｰﾄ支援作業',N'旭化成エンジニアリング株式会社',N'AA000',13,N'1', current_timestamp)
,(N'ZAB202400066',N'1',N'トークネット保守202504',N'株式会社トークネット',N'TO000',1,N'1', current_timestamp)
,(N'ZAB202400067',N'1',N'【AE0179507】【ACS】検査包装実績ｼｽﾃﾑ構築',N'旭化成エンジニアリング株式会社',N'AA000',15,N'1', current_timestamp)
,(N'ZAB202400068',N'1',N'PPE_ﾘｸﾞﾄﾞﾛｯﾌﾟ社_生産管理ｼｽﾃﾑ(導入ﾌｪｰｽﾞ)',N'株式会社ソフトサービス',N'SO000',45,N'1', current_timestamp)
,(N'ZAB202400068',N'2',N'PPE_ﾘｸﾞﾄﾞﾛｯﾌﾟ社_生産管理ｼｽﾃﾑ(導入ﾌｪｰｽﾞ)',N'株式会社ソフトサービス',N'SO000',46,N'1', current_timestamp)
,(N'ZAB202400069',N'1',N'BSW_2025.03_要件定義ﾌｪｰｽﾞ支援作業',N'株式会社ソフトサービス',N'SO000',33,N'1', current_timestamp)
,(N'ZAB20240006A',N'1',N'PPE_ﾘｸﾞﾄﾞﾛｯﾌﾟ社_生産管理ｼｽﾃﾑ(導入ﾌｪｰｽﾞ)',N'株式会社ソフトサービス',N'SO000',47,N'1', current_timestamp)
,(N'ZAB202400070',N'1',N'敬老園保守202505',N'社会福祉法人　敬老園',N'SH000',2,N'1', current_timestamp)
,(N'ZAB202400072',N'1',N'【基本設計】日向後工程自動化',N'旭化成エンジニアリング株式会社',N'AA000',14,N'1', current_timestamp)
,(N'ZAB202400073',N'1',N'PPE_徳島工場(ｲｵﾝ生産管理ｼｽﾃﾑ)2025年5月',N'株式会社ソフトサービス',N'SO000',50,N'1', current_timestamp)
,(N'ZAB202400074',N'1',N'PPE_KSプロコン(カンザス)2025年5月',N'株式会社ソフトサービス',N'SO000',51,N'1', current_timestamp)
,(N'ZAB202400075',N'1',N'PHC_自動培養装置 開発支援(2025年5月)',N'株式会社ソフトサービス',N'SO000',52,N'1', current_timestamp)
,(N'ZAB202400076',N'1',N'BSW_2025.04_要件定義ﾌｪｰｽﾞ支援作業',N'株式会社ソフトサービス',N'SO000',40,N'1', current_timestamp)
,(N'ZAB202400077',N'1',N'使用不可',N'株式会社ソフトサービス',N'SO000',53,N'1', current_timestamp)
,(N'ZAB202400078',N'1',N'【AE0180481】【ACS】システム総合メニュー',N'旭化成エンジニアリング株式会社',N'AA000',17,N'1', current_timestamp)
,(N'ZAB202400079',N'1',N'PPE_徳島工場(ｲｵﾝ生産管理ｼｽﾃﾑ)2025年6月',N'株式会社ソフトサービス',N'SO000',57,N'1', current_timestamp)
,(N'ZAB202400080',N'1',N'PPE_KSプロコン(カンザス)2025年6月',N'株式会社ソフトサービス',N'SO000',58,N'1', current_timestamp)
,(N'ZAB202400081',N'1',N'PHC_自動培養装置 開発支援(2025年6月)',N'株式会社ソフトサービス',N'SO000',59,N'1', current_timestamp)
,(N'ZAB202400082',N'1',N'SSVカンノ向け開発支援 5月度',N'株式会社ソフトサービス',N'SO000',48,N'1', current_timestamp)
,(N'ZAB202400083',N'1',N'SSVカンノ向け開発支援 6月度',N'株式会社ソフトサービス',N'SO000',55,N'1', current_timestamp)
,(N'ZAB202400084',N'1',N'南九州マツダ保守202506',N'株式会社南九州マツダ',N'MI000',1,N'1', current_timestamp)
,(N'ZAB202400085',N'1',N'【AE0180768】富士感光材_AP-21ｻｰﾊﾞoracle',N'旭化成エンジニアリング株式会社',N'AA000',16,N'0', current_timestamp)
,(N'ZAB202400086',N'1',N'BSW_2025.05_要件定義ﾌｪｰｽﾞ支援作業',N'株式会社ソフトサービス',N'SO000',49,N'1', current_timestamp)
,(N'ZAB202400087',N'1',N'PPE_徳島工場(ｲｵﾝ生産管理ｼｽﾃﾑ)2025年7月',N'株式会社ソフトサービス',N'SO000',63,N'1', current_timestamp)
,(N'ZAB202400088',N'1',N'PPE_KSプロコン(カンザス)2025年7月',N'株式会社ソフトサービス',N'SO000',64,N'1', current_timestamp)
,(N'ZAB202400089',N'1',N'【AE0181447】HP_MR物流改修要望対応',N'旭化成エンジニアリング株式会社',N'AA000',18,N'0', current_timestamp)
,(N'ZAB202400090',N'1',N'BSW_2025.06_要件定義ﾌｪｰｽﾞ支援作業',N'株式会社ソフトサービス',N'SO000',56,N'1', current_timestamp)
,(N'ZAB202400092',N'1',N'【AE0181749】HP_5DS後工程自動化_設計製作',N'旭化成エンジニアリング株式会社',N'AA000',19,N'0', current_timestamp)
,(N'ZAB202400093',N'1',N'翻訳センター保守202508',N'株式会社　翻訳センター',N'HO000',2,N'1', current_timestamp)
,(N'ZAB202400094',N'1',N'PPE_徳島工場(ｲｵﾝ生産管理ｼｽﾃﾑ)2025年8月',N'株式会社ソフトサービス',N'SO000',69,N'0', current_timestamp)
,(N'ZAB202400095',N'1',N'PPE_KSプロコン(カンザス)2025年8月',N'株式会社ソフトサービス',N'SO000',70,N'0', current_timestamp)
,(N'ZAB202400096',N'1',N'SSVカンノ向け開発支援 7月度',N'株式会社ソフトサービス',N'SO000',61,N'1', current_timestamp)
,(N'ZAB202400097',N'1',N'【AEC】MAL向けAPITs202507',N'株式会社ソフトサービス',N'SO000',65,N'1', current_timestamp)
,(N'ZAB202400098',N'1',N'BSW_2025.07_要件定義ﾌｪｰｽﾞ支援作業',N'株式会社ソフトサービス',N'SO000',62,N'1', current_timestamp)
,(N'ZAB202400099',N'1',N'【SCK】バッドマークSEMI作成ツール',N'株式会社ソフトサービス',N'SO000',66,N'1', current_timestamp)
,(N'ZAB202400100',N'1',N'PPE_ﾘｸﾞﾄﾞﾛｯﾌﾟ社_生産管理ｼｽﾃﾑ(導入)追加',N'株式会社ソフトサービス',N'SO000',72,N'0', current_timestamp)
,(N'ZAB202400101',N'1',N'敬老園PC入替',N'社会福祉法人　敬老園',N'SH000',3,N'0', current_timestamp)
,(N'ZAB202400104',N'1',N'DPCマクセルイズミ向け開発支援_2025年08月',N'株式会社電脳企画',N'DE000',1,N'0', current_timestamp)
,(N'ZAB202400109',N'1',N'【SCK】ﾊﾞｯﾄﾞﾏｰｸSEMI作成ﾂｰﾙ(2025年08月)',N'株式会社ソフトサービス',N'SO000',71,N'0', current_timestamp)
,(N'ZAB202400110',N'1',N'BSW_2025.08_要件定義ﾌｪｰｽﾞ支援作業',N'株式会社ソフトサービス',N'SO000',68,N'0', current_timestamp)
;

delete from t_wip_info;
insert into t_wip_info(fiscal_date, order_detail, order_rowno, cost_labor, cost_subcontract, cost, cost_other, modified_date) values 
(N'202408',N'ZAB202300064',N'1',200366,0,0,0, current_timestamp)
,(N'202408',N'ZAB202300095',N'1',64330,0,0,0, current_timestamp)
,(N'202408',N'ZAB202300099',N'1',119248,0,0,0, current_timestamp)
,(N'202411',N'ZAB202300109',N'1',20232,0,0,0, current_timestamp)
,(N'202411',N'ZAB202300110',N'1',37354,0,0,0, current_timestamp)
,(N'202411',N'ZAB202300112',N'1',4668,600000,0,0, current_timestamp)
,(N'202411',N'ZAB202400014',N'1',655301,630000,0,0, current_timestamp)
,(N'202411',N'ZAB202400026',N'1',98835,498265,0,0, current_timestamp)
,(N'202411',N'ZAB202400027',N'1',0,79233,0,0, current_timestamp)
,(N'202412',N'ZAB202300109',N'1',62308,0,0,0, current_timestamp)
,(N'202412',N'ZAB202300110',N'1',40151,0,0,0, current_timestamp)
,(N'202501',N'ZAB202300109',N'1',62308,0,0,0, current_timestamp)
,(N'202501',N'ZAB202300110',N'1',40151,0,0,0, current_timestamp)
,(N'202501',N'ZAB202400038',N'1',739096,2422582,0,0, current_timestamp)
,(N'202501',N'ZAB202400039',N'1',77293,320000,0,0, current_timestamp)
,(N'202501',N'ZAB202400040',N'1',30739,0,0,0, current_timestamp)
,(N'202502',N'ZAB202300109',N'1',62308,0,0,0, current_timestamp)
,(N'202502',N'ZAB202300110',N'1',40151,0,0,0, current_timestamp)
,(N'202502',N'ZAB202400038',N'1',1352161,5369332,0,0, current_timestamp)
,(N'202502',N'ZAB202400040',N'1',91326,0,0,0, current_timestamp)
,(N'202502',N'ZAB202400053',N'1',0,368000,0,0, current_timestamp)
,(N'202503',N'ZAB202400053',N'1',0,908000,0,0, current_timestamp)
,(N'202504',N'ZAB202400072',N'1',58376,449474,0,0, current_timestamp)
,(N'202505',N'ZAB202400067',N'1',264565,453786,220000,0, current_timestamp)
,(N'202505',N'ZAB202400068',N'2',348114,2028578,0,0, current_timestamp)
,(N'202506',N'ZAB202400067',N'1',554273,1055046,220000,0, current_timestamp)
,(N'202506',N'ZAB202400085',N'1',21615,321876,0,0, current_timestamp)
,(N'202507',N'ZAB202400085',N'1',186183,867331,0,0, current_timestamp)
,(N'202507',N'ZAB202400089',N'1',248772,465525,0,0, current_timestamp)
,(N'202507',N'ZAB202400092',N'1',8327,80265,0,0, current_timestamp)
,(N'202508',N'ZAB202400041',N'1',213341,618000,0,0, current_timestamp)
,(N'202508',N'ZAB202400085',N'1',643243,1326969,129724,0, current_timestamp)
,(N'202508',N'ZAB202400092',N'1',319847,569233,0,0, current_timestamp)
,(N'202508',N'ZAB202400101',N'1',0,0,0,109497, current_timestamp)
;

delete from m_file_info;
insert into m_file_info(manage_id, fiscal_date, version, file_div, file_nm, modified_date) values 
(N'1',N'202411',N'1',N'F',N'【SCI】2024年11月_完成PJ台帳_02', current_timestamp)
,(N'10',N'202503',N'1',N'F',N'【SCI】2025年3月_完成PJ台帳_01', current_timestamp)
,(N'11',N'202504',N'1',N'W',N'【SCI】2025年4月_仕掛PJ台帳_03', current_timestamp)
,(N'12',N'202504',N'1',N'F',N'【SCI】2025年4月_完成PJ台帳_02', current_timestamp)
,(N'13',N'202505',N'1',N'W',N'【SCI】2025年5月_仕掛PJ台帳_01', current_timestamp)
,(N'14',N'202505',N'1',N'F',N'【SCI】2025年5月_完成PJ台帳_01', current_timestamp)
,(N'15',N'202506',N'1',N'F',N'【SCI】2025年6月_完成PJ台帳_02', current_timestamp)
,(N'16',N'202506',N'1',N'W',N'【SCI】2025年6月_仕掛PJ台帳_02', current_timestamp)
,(N'17',N'202507',N'1',N'F',N'【SCI】2025年7月_完成PJ台帳_01', current_timestamp)
,(N'18',N'202507',N'1',N'W',N'【SCI】2025年7月_仕掛PJ台帳_01', current_timestamp)
,(N'19',N'202508',N'1',N'F',N'【SCI】2025年8月_完成PJ台帳_00', current_timestamp)
,(N'2',N'202411',N'1',N'W',N'【SCI】2024年11月_仕掛PJ台帳_02', current_timestamp)
,(N'20',N'202508',N'1',N'W',N'【SCI】2025年8月_仕掛PJ台帳_00', current_timestamp)
,(N'3',N'202412',N'1',N'F',N'【SCI】2024年12月_完成PJ台帳_01', current_timestamp)
,(N'4',N'202412',N'1',N'W',N'【SCI】2024年12月_仕掛PJ台帳_01', current_timestamp)
,(N'5',N'202501',N'1',N'W',N'【SCI】2025年1月_仕掛PJ台帳_01', current_timestamp)
,(N'6',N'202501',N'1',N'F',N'【SCI】2025年1月_完成PJ台帳_01', current_timestamp)
,(N'7',N'202502',N'1',N'W',N'【SCI】2025年2月_仕掛PJ台帳_00', current_timestamp)
,(N'8',N'202502',N'1',N'F',N'【SCI】2025年2月_完成PJ台帳_00', current_timestamp)
,(N'9',N'202503',N'1',N'W',N'【SCI】2025年3月_仕掛PJ台帳_01', current_timestamp)
;

delete from t_wip_project_info;
insert into t_wip_project_info(manage_id, row_no, div_cd, order_detail, project_nm, order_rowno, customer, cost_material, cost_labor, cost_subcontract, cost, modified_date) values 
(N'11',0,N'14000100',N'ZAB202400072',N'【基本設計】日向後工程自動化',N'1',N'旭化成エンジニアリング株式会社',0,58376,449474,0, current_timestamp)
,(N'13',0,N'14000100',N'ZAB202400067',N'【AE0179507】【ACS】検査包装実績ｼｽﾃﾑ構築',N'1',N'旭化成エンジニアリング株式会社',0,264565,453786,220000, current_timestamp)
,(N'13',1,N'14000100',N'ZAB202400068',N'PPE_ﾘｸﾞﾄﾞﾛｯﾌﾟ社_生産管理ｼｽﾃﾑ(導入ﾌｪｰｽﾞ)',N'2',N'株式会社ソフトサービス',0,348114,2028578,0, current_timestamp)
,(N'16',0,N'14000100',N'ZAB202400067',N'【AE0179507】【ACS】検査包装実績ｼｽﾃﾑ構築',N'1',N'旭化成エンジニアリング株式会社',0,554273,1055046,220000, current_timestamp)
,(N'16',1,N'14000100',N'ZAB202400085',N'【AE0180768】富士感光材_AP-21ｻｰﾊﾞoracle',N'1',N'旭化成エンジニアリング株式会社',0,21615,321876,0, current_timestamp)
,(N'18',0,N'14000100',N'ZAB202400085',N'【AE0180768】富士感光材_AP-21ｻｰﾊﾞoracle',N'1',N'旭化成エンジニアリング株式会社',0,186183,867331,0, current_timestamp)
,(N'18',1,N'14000100',N'ZAB202400089',N'【AE0181447】HP_MR物流改修要望対応',N'1',N'旭化成エンジニアリング株式会社',0,248772,465525,0, current_timestamp)
,(N'18',2,N'14000100',N'ZAB202400092',N'【AE0181749】HP_5DS後工程自動化_設計製作',N'1',N'旭化成エンジニアリング株式会社',0,8327,80265,0, current_timestamp)
,(N'2',0,N'14000100',N'ZAB202300109',N'【AE0176136】KJ様　ｼｽﾃﾑｻﾎﾟｰﾄ保守2024下期',N'1',N'旭化成エンジニアリング株式会社',0,20232,0,0, current_timestamp)
,(N'2',1,N'14000100',N'ZAB202300110',N'【AE0175942】AFP,ACSｼｽﾃﾑｻﾎﾟｰﾄ2024下期',N'1',N'旭化成エンジニアリング株式会社',0,37354,0,0, current_timestamp)
,(N'2',2,N'14000100',N'ZAB202300112',N'【AE0175992】HP 管理機能追加',N'1',N'旭化成エンジニアリング株式会社',0,4668,600000,0, current_timestamp)
,(N'2',3,N'14000100',N'ZAB202400026',N'ダイハツ　TVECS通信処理対応',N'1',N'株式会社クレオ',0,98835,498265,0, current_timestamp)
,(N'2',4,N'14000100',N'ZAB202400014',N'PPE_ﾘｸﾞﾄﾞﾛｯﾌﾟ社_生産管理ｼｽﾃﾑ(設計_後半)',N'1',N'株式会社ソフトサービス',0,655301,630000,0, current_timestamp)
,(N'2',5,N'14000100',N'ZAB202400027',N'PPE_ﾘｸﾞﾄﾞﾛｯﾌﾟ社_生産管理ｼｽﾃﾑ(開発_先行)',N'1',N'株式会社ソフトサービス',0,0,79233,0, current_timestamp)
,(N'20',0,N'14000100',N'ZAB202400085',N'【AE0180768】富士感光材_AP-21ｻｰﾊﾞoracle',N'1',N'旭化成エンジニアリング株式会社',0,643243,1326969,129724, current_timestamp)
,(N'20',1,N'14000100',N'ZAB202400092',N'【AE0181749】HP_5DS後工程自動化_設計製作',N'1',N'旭化成エンジニアリング株式会社',0,319847,569233,0, current_timestamp)
,(N'20',2,N'14000100',N'ZAB202400041',N'【AEC】MAL向けAPITs202508-09',N'1',N'旭化成エンジニアリング株式会社',0,213341,618000,0, current_timestamp)
,(N'20',3,N'14000100',N'ZAB202400101',N'敬老園PC入替',N'1',N'社会福祉法人　敬老園',109497,0,0,0, current_timestamp)
,(N'4',0,N'14000100',N'ZAB202300109',N'【AE0176136】KJ様　ｼｽﾃﾑｻﾎﾟｰﾄ保守2024下期',N'1',N'旭化成エンジニアリング株式会社',0,62308,0,0, current_timestamp)
,(N'4',1,N'14000100',N'ZAB202300110',N'【AE0175942】AFP,ACSｼｽﾃﾑｻﾎﾟｰﾄ2024下期',N'1',N'旭化成エンジニアリング株式会社',0,40151,0,0, current_timestamp)
,(N'5',0,N'14000100',N'ZAB202300109',N'【AE0176136】KJ様　ｼｽﾃﾑｻﾎﾟｰﾄ保守2024下期',N'1',N'旭化成エンジニアリング株式会社',0,62308,0,0, current_timestamp)
,(N'5',1,N'14000100',N'ZAB202300110',N'【AE0175942】AFP,ACSｼｽﾃﾑｻﾎﾟｰﾄ2024下期',N'1',N'旭化成エンジニアリング株式会社',0,40151,0,0, current_timestamp)
,(N'5',2,N'14000100',N'ZAB202400039',N'【AE0177583】富士感光材AP21ｻｰﾊﾞoracle移',N'1',N'旭化成エンジニアリング株式会社',0,77293,320000,0, current_timestamp)
,(N'5',3,N'14000100',N'ZAB202400038',N'PPE_ﾘｸﾞﾄﾞﾛｯﾌﾟ社_生産管理ｼｽﾃﾑ(開発ﾌｪｰｽﾞ)',N'1',N'株式会社ソフトサービス',0,739096,2422582,0, current_timestamp)
,(N'5',4,N'14000100',N'ZAB202400040',N'【AEC】MAL向けAPITs202501-202503',N'1',N'旭化成エンジニアリング株式会社',0,30739,0,0, current_timestamp)
,(N'7',0,N'14000100',N'ZAB202300109',N'【AE0176136】KJ様　ｼｽﾃﾑｻﾎﾟｰﾄ保守2024下期',N'1',N'旭化成エンジニアリング株式会社',0,62308,0,0, current_timestamp)
,(N'7',1,N'14000100',N'ZAB202300110',N'【AE0175942】AFP,ACSｼｽﾃﾑｻﾎﾟｰﾄ2024下期',N'1',N'旭化成エンジニアリング株式会社',0,40151,0,0, current_timestamp)
,(N'7',2,N'14000100',N'ZAB202400038',N'PPE_ﾘｸﾞﾄﾞﾛｯﾌﾟ社_生産管理ｼｽﾃﾑ(開発ﾌｪｰｽﾞ)',N'1',N'株式会社ソフトサービス',0,1352161,5369332,0, current_timestamp)
,(N'7',3,N'14000100',N'ZAB202400040',N'【AEC】MAL向けAPITs202501-202503',N'1',N'旭化成エンジニアリング株式会社',0,91326,0,0, current_timestamp)
,(N'7',4,N'14000100',N'ZAB202400053',N'工場CIMアラート機能追加',N'1',N'旭化成エンジニアリング株式会社',0,0,368000,0, current_timestamp)
,(N'9',0,N'14000100',N'ZAB202400053',N'工場CIMアラート機能追加',N'1',N'旭化成エンジニアリング株式会社',0,0,908000,0, current_timestamp)
;

delete from t_fg_project_info;
insert into t_fg_project_info(manage_id, row_no, div_cd, order_detail, order_rowno, project_nm, customer, cost_material, cost_labor, cost_subcontract, cost, sales, modified_date) values 
(N'1',0,N'14000100',N'ZAB202300017',N'1',N'間接プロジェクト（43期）',N'【社内処理】株式会社ｴｽｼｰｱｲ',0,47350,0,202715,0, current_timestamp)
,(N'1',1,N'14000100',N'ZAB202300095',N'2',N'【AE0174795】KJ様　ｻｰﾊﾞｰﾒﾝﾃﾅﾝｽ手順書作成',N'旭化成エンジニアリング株式会社',0,151080,0,0,0, current_timestamp)
,(N'1',2,N'14000100',N'ZAB202300099',N'1',N'【AE0174850】調合原材料天秤計量ｼｽﾃﾑ追加',N'旭化成エンジニアリング株式会社',0,886138,0,0,2277000, current_timestamp)
,(N'1',3,N'14000100',N'ZAB202400017',N'1',N'【AE0176431】建材ｺﾐｭﾆｹｰｼｮﾝｼｽﾃﾑ要望対応',N'旭化成エンジニアリング株式会社',0,0,540767,0,569250, current_timestamp)
,(N'1',4,N'14000100',N'ZAB202400021',N'1',N'ｶﾝﾉ_筑肥・西唐津線自動放送ｱﾌﾟﾘ改(202411)',N'株式会社ソフトサービス',0,183663,0,0,250000, current_timestamp)
,(N'1',5,N'14000100',N'ZAB202400015',N'1',N'PPE_徳島工場(ｲｵﾝ生産管理ｼｽﾃﾑ)2024年11月',N'株式会社ソフトサービス',0,542432,1399995,77754,2728000, current_timestamp)
,(N'1',6,N'14000100',N'ZAB202400016',N'1',N'PHC_自動培養装置 開発支援(2024年11月)',N'株式会社ソフトサービス',0,0,600000,0,892920, current_timestamp)
,(N'1',7,N'14000100',N'ZAB202400018',N'1',N'PPE_KSプロコン(カンザス)2024年11月',N'株式会社ソフトサービス',0,0,1121300,0,1419400, current_timestamp)
,(N'1',8,N'14000100',N'ZAB202400019',N'1',N'BSW_2024.11_要件定義ﾌｪｰｽﾞ支援作業',N'株式会社ソフトサービス',0,0,1160000,0,1550000, current_timestamp)
,(N'1',9,N'14000100',N'ZAB202400022',N'1',N'LSシステム　宇都宮（2024年11月）',N'株式会社ソフトサービス',0,652009,0,0,800000, current_timestamp)
,(N'1',10,N'14000100',N'ZAB202400020',N'1',N'システムクリエイト保守202412',N'株式会社システムクリエイト',0,0,0,0,75000, current_timestamp)
,(N'1',11,N'14000100',N'ZAB202400002',N'1',N'SSV作業 2024年11月',N'株式会社ソフトサービス',0,0,5773483,0,6898922, current_timestamp)
,(N'10',0,N'14000100',N'ZAB202400001',N'1',N'間接プロジェクト（44期）',N'【社内処理】株式会社ｴｽｼｰｱｲ',0,6209057,28755,257744,0, current_timestamp)
,(N'10',1,N'14000100',N'ZAB202300109',N'1',N'【AE0176136】KJ様　ｼｽﾃﾑｻﾎﾟｰﾄ保守2024下期',N'旭化成エンジニアリング株式会社',0,82464,0,0,84375, current_timestamp)
,(N'10',2,N'14000100',N'ZAB202300110',N'1',N'【AE0175942】AFP,ACSｼｽﾃﾑｻﾎﾟｰﾄ2024下期',N'旭化成エンジニアリング株式会社',0,40151,0,0,306563, current_timestamp)
,(N'10',3,N'14000100',N'ZAB202400065',N'1',N'【AE0179624】ハイポア保守ｻﾎﾟｰﾄ支援作業',N'旭化成エンジニアリング株式会社',0,0,52000,0,112500, current_timestamp)
,(N'10',4,N'14000100',N'ZAB202400040',N'1',N'【AEC】MAL向けAPITs202501-202503',N'旭化成エンジニアリング株式会社',0,108122,0,0,135000, current_timestamp)
,(N'10',5,N'14000100',N'ZAB202400058',N'1',N'ｶﾝﾉ_筑肥・西唐津線自動放送ｱﾌﾟﾘ改(202503)',N'株式会社ソフトサービス',0,452724,0,0,700000, current_timestamp)
,(N'10',6,N'14000100',N'ZAB202400069',N'1',N'BSW_2025.03_要件定義ﾌｪｰｽﾞ支援作業',N'株式会社ソフトサービス',0,0,0,0,789340, current_timestamp)
,(N'10',7,N'14000100',N'ZAB202400038',N'1',N'PPE_ﾘｸﾞﾄﾞﾛｯﾌﾟ社_生産管理ｼｽﾃﾑ(開発ﾌｪｰｽﾞ)',N'株式会社ソフトサービス',0,1985137,8376912,0,19922000, current_timestamp)
,(N'10',8,N'14000100',N'ZAB202400054',N'1',N'PHC_自動培養装置 開発支援(2025年3月)',N'株式会社ソフトサービス',0,0,600000,0,850400, current_timestamp)
,(N'10',9,N'14000100',N'ZAB202400055',N'1',N'PPE_徳島工場(ｲｵﾝ生産管理ｼｽﾃﾑ)2025年3月',N'株式会社ソフトサービス',0,693185,1382522,0,2542375, current_timestamp)
,(N'10',10,N'14000100',N'ZAB202400061',N'1',N'PPE_ﾘｸﾞﾄﾞﾛｯﾌﾟ社_生産管理ｼｽﾃﾑ(開発)追加',N'株式会社ソフトサービス',0,0,0,0,2222000, current_timestamp)
,(N'10',11,N'14000100',N'ZAB202400066',N'1',N'トークネット保守202504',N'株式会社トークネット',0,0,0,0,120000, current_timestamp)
,(N'10',12,N'14000100',N'ZAB202400006',N'1',N'SSV作業 2025年03月',N'株式会社ソフトサービス',0,0,6447979,0,6837687, current_timestamp)
,(N'10',13,N'14000200',N'ZAB202400056',N'1',N'PPE_KSプロコン(カンザス)2025年3月',N'株式会社ソフトサービス',0,478762,600000,0,1801275, current_timestamp)
,(N'12',0,N'14000100',N'ZAB202400001',N'1',N'間接プロジェクト（44期）',N'【社内処理】株式会社ｴｽｼｰｱｲ',0,-1657545,160526,246625,0, current_timestamp)
,(N'12',1,N'14000100',N'ZAB202300110',N'1',N'【AE0175942】AFP,ACSｼｽﾃﾑｻﾎﾟｰﾄ2024下期',N'旭化成エンジニアリング株式会社',0,59079,0,0,0, current_timestamp)
,(N'12',2,N'14000100',N'ZAB202400038',N'1',N'PPE_ﾘｸﾞﾄﾞﾛｯﾌﾟ社_生産管理ｼｽﾃﾑ(開発ﾌｪｰｽﾞ)',N'株式会社ソフトサービス',0,456041,2693219,0,0, current_timestamp)
,(N'12',3,N'14000100',N'ZAB202400053',N'1',N'工場CIMアラート機能追加',N'旭化成エンジニアリング株式会社',0,0,908000,0,1431000, current_timestamp)
,(N'12',4,N'14000100',N'ZAB202400059',N'1',N'ｶﾝﾉ_筑肥・西唐津線自動放送ｱﾌﾟﾘ改(202504)',N'株式会社ソフトサービス',0,407394,0,0,700000, current_timestamp)
,(N'12',5,N'14000100',N'ZAB202400076',N'1',N'BSW_2025.04_要件定義ﾌｪｰｽﾞ支援作業',N'株式会社ソフトサービス',0,0,0,0,800000, current_timestamp)
,(N'12',6,N'14000100',N'ZAB202400062',N'1',N'PPE_徳島工場(ｲｵﾝ生産管理ｼｽﾃﾑ)2025年4月',N'株式会社ソフトサービス',0,472851,1280000,0,4278750, current_timestamp)
,(N'12',7,N'14000100',N'ZAB202400063',N'1',N'PPE_KSプロコン(カンザス)2025年4月',N'株式会社ソフトサービス',0,375722,610000,0,1567050, current_timestamp)
,(N'12',8,N'14000100',N'ZAB202400064',N'1',N'PHC_自動培養装置 開発支援(2025年4月)',N'株式会社ソフトサービス',0,0,610000,0,853058, current_timestamp)
,(N'12',9,N'14000100',N'ZAB202400070',N'1',N'敬老園保守202505',N'社会福祉法人　敬老園',0,0,0,0,75000, current_timestamp)
,(N'12',10,N'14000100',N'ZAB202400007',N'1',N'SSV作業 2025年04月',N'株式会社ソフトサービス',0,0,6003707,0,6300444, current_timestamp)
,(N'12',11,N'14000100',N'ZAB202400068',N'1',N'PPE_ﾘｸﾞﾄﾞﾛｯﾌﾟ社_生産管理ｼｽﾃﾑ(導入ﾌｪｰｽﾞ)',N'株式会社ソフトサービス',0,346119,742920,0,0, current_timestamp)
,(N'14',0,N'14000100',N'ZAB202400001',N'1',N'間接プロジェクト（44期）',N'【社内処理】株式会社ｴｽｼｰｱｲ',0,540598,403200,271083,0, current_timestamp)
,(N'14',1,N'14000100',N'ZAB20240006A',N'1',N'PPE_ﾘｸﾞﾄﾞﾛｯﾌﾟ社_生産管理ｼｽﾃﾑ(導入ﾌｪｰｽﾞ)',N'株式会社ソフトサービス',0,0,66541,0,0, current_timestamp)
,(N'14',2,N'14000100',N'ZAB202400072',N'1',N'【AE0180194】基本設計_日向後工程自動化',N'旭化成エンジニアリング株式会社',0,98724,1059474,0,1035000, current_timestamp)
,(N'14',3,N'14000100',N'ZAB202400082',N'1',N'SSVカンノ向け開発支援 5月度',N'株式会社ソフトサービス',0,468060,0,0,700000, current_timestamp)
,(N'14',4,N'14000100',N'ZAB202400086',N'1',N'BSW_2025.05_要件定義ﾌｪｰｽﾞ支援作業',N'株式会社ソフトサービス',220000,0,0,0,1020000, current_timestamp)
,(N'14',5,N'14000100',N'ZAB202400073',N'1',N'PPE_徳島工場(ｲｵﾝ生産管理ｼｽﾃﾑ)2025年5月',N'株式会社ソフトサービス',0,455744,1278805,0,2915156, current_timestamp)
,(N'14',6,N'14000100',N'ZAB202400074',N'1',N'PPE_KSプロコン(カンザス)2025年5月',N'株式会社ソフトサービス',0,381893,610000,0,1242813, current_timestamp)
,(N'14',7,N'14000100',N'ZAB202400075',N'1',N'PHC_自動培養装置 開発支援(2025年5月)',N'株式会社ソフトサービス',0,0,610000,0,817181, current_timestamp)
,(N'14',8,N'14000100',N'ZAB202400077',N'1',N'使用不可',N'株式会社ソフトサービス',0,0,0,0,0, current_timestamp)
,(N'14',9,N'14000100',N'ZAB202400084',N'1',N'南九州マツダ保守202506',N'株式会社南九州マツダ',0,0,0,0,45000, current_timestamp)
,(N'14',10,N'14000100',N'ZAB202400008',N'1',N'SSV作業 2025年05月',N'株式会社ソフトサービス',0,0,6378872,0,6745382, current_timestamp)
,(N'15',0,N'14000100',N'ZAB202400001',N'1',N'間接プロジェクト（44期）',N'【社内処理】株式会社ｴｽｼｰｱｲ',0,1664610,812985,348376,0, current_timestamp)
,(N'15',1,N'14000100',N'ZAB202400083',N'1',N'SSVカンノ向け開発支援 6月度',N'株式会社ソフトサービス',0,396097,0,0,700000, current_timestamp)
,(N'15',2,N'14000100',N'ZAB202400090',N'1',N'BSW_2025.06_要件定義ﾌｪｰｽﾞ支援作業',N'株式会社ソフトサービス',0,0,0,0,800000, current_timestamp)
,(N'15',3,N'14000100',N'ZAB202400068',N'2',N'PPE_ﾘｸﾞﾄﾞﾛｯﾌﾟ社_生産管理ｼｽﾃﾑ(導入ﾌｪｰｽﾞ)',N'株式会社ソフトサービス',0,544572,2028578,0,2795750, current_timestamp)
,(N'15',4,N'14000100',N'ZAB202400079',N'1',N'PPE_徳島工場(ｲｵﾝ生産管理ｼｽﾃﾑ)2025年6月',N'株式会社ソフトサービス',0,509777,1396480,0,2791406, current_timestamp)
,(N'15',5,N'14000100',N'ZAB202400080',N'1',N'PPE_KSプロコン(カンザス)2025年6月',N'株式会社ソフトサービス',0,382746,610000,0,1644150, current_timestamp)
,(N'15',6,N'14000100',N'ZAB202400081',N'1',N'PHC_自動培養装置 開発支援(2025年6月)',N'株式会社ソフトサービス',0,0,610000,0,829140, current_timestamp)
,(N'15',7,N'14000100',N'ZAB202400009',N'1',N'SSV作業 2025年06月',N'株式会社ソフトサービス',0,0,5997127,0,6302960, current_timestamp)
,(N'17',0,N'14000100',N'ZAB202300089',N'1',N'翻訳センター保守202408',N'株式会社　翻訳センター',0,1386,0,0,0, current_timestamp)
,(N'17',1,N'14000100',N'ZAB202400001',N'1',N'間接プロジェクト（44期）',N'【社内処理】株式会社ｴｽｼｰｱｲ',0,2327256,64210,799101,0, current_timestamp)
,(N'17',2,N'14000100',N'ZAB202400093',N'1',N'翻訳センター保守202508',N'株式会社　翻訳センター',0,0,0,0,96000, current_timestamp)
,(N'17',3,N'14000100',N'ZAB202400067',N'1',N'【AE0179507】【ACS】検査包装実績ｼｽﾃﾑ構築',N'旭化成エンジニアリング株式会社',0,765987,1573331,220000,3510000, current_timestamp)
,(N'17',4,N'14000100',N'ZAB202400078',N'1',N'【AE0180481】【ACS】システム総合メニュー',N'旭化成エンジニアリング株式会社',0,0,0,0,2457000, current_timestamp)
,(N'17',5,N'14000100',N'ZAB202400096',N'1',N'SSVカンノ向け開発支援 7月度',N'株式会社ソフトサービス',0,465113,0,0,700000, current_timestamp)
,(N'17',6,N'14000100',N'ZAB202400098',N'1',N'BSW_2025.07_要件定義ﾌｪｰｽﾞ支援作業',N'株式会社ソフトサービス',0,0,0,0,800000, current_timestamp)
,(N'17',7,N'14000100',N'ZAB202400087',N'1',N'PPE_徳島工場(ｲｵﾝ生産管理ｼｽﾃﾑ)2025年7月',N'株式会社ソフトサービス',0,426065,1725430,0,4501406, current_timestamp)
,(N'17',8,N'14000100',N'ZAB202400088',N'1',N'PPE_KSプロコン(カンザス)2025年7月',N'株式会社ソフトサービス',0,478856,610000,0,1639300, current_timestamp)
,(N'17',9,N'14000100',N'ZAB202400097',N'1',N'【AEC】MAL向けAPITs202507',N'株式会社ソフトサービス',0,0,727000,0,1137500, current_timestamp)
,(N'17',10,N'14000100',N'ZAB202400099',N'1',N'【SCK】バッドマークSEMI作成ツール',N'株式会社ソフトサービス',0,0,0,0,748000, current_timestamp)
,(N'17',11,N'14000100',N'ZAB202400010',N'1',N'SSV作業 2025年07月',N'株式会社ソフトサービス',0,0,5840288,0,5289767, current_timestamp)
,(N'17',12,N'14000100',N'ZAB202400068',N'2',N'PPE_ﾘｸﾞﾄﾞﾛｯﾌﾟ社_生産管理ｼｽﾃﾑ(導入ﾌｪｰｽﾞ)',N'株式会社ソフトサービス',0,227074,2196198,0,0, current_timestamp)
,(N'19',0,N'14000100',N'ZAB202400001',N'1',N'間接プロジェクト（44期）',N'【社内処理】株式会社ｴｽｼｰｱｲ',0,1204613,0,334381,0, current_timestamp)
,(N'19',1,N'14000100',N'ZAB202400093',N'1',N'翻訳センター保守202508',N'株式会社　翻訳センター',0,4968,0,1991,0, current_timestamp)
,(N'19',2,N'14000100',N'ZAB202400067',N'1',N'【AE0179507】【ACS】検査包装実績ｼｽﾃﾑ構築',N'旭化成エンジニアリング株式会社',0,86163,162992,0,0, current_timestamp)
,(N'19',3,N'14000100',N'ZAB202400089',N'1',N'【AE0181447】HP_MR物流改修要望対応',N'旭化成エンジニアリング株式会社',0,413230,701365,0,1759000, current_timestamp)
,(N'19',4,N'14000100',N'ZAB202400110',N'1',N'BSW_2025.08_要件定義ﾌｪｰｽﾞ支援作業',N'株式会社ソフトサービス',0,0,0,0,800000, current_timestamp)
,(N'19',5,N'14000100',N'ZAB202400094',N'1',N'PPE_徳島工場(ｲｵﾝ生産管理ｼｽﾃﾑ)2025年8月',N'株式会社ソフトサービス',0,851646,1782310,0,2562188, current_timestamp)
,(N'19',6,N'14000100',N'ZAB202400095',N'1',N'PPE_KSプロコン(カンザス)2025年8月',N'株式会社ソフトサービス',0,377386,505600,0,1188250, current_timestamp)
,(N'19',7,N'14000100',N'ZAB202400109',N'1',N'【SCK】ﾊﾞｯﾄﾞﾏｰｸSEMI作成ﾂｰﾙ(2025年08月)',N'株式会社ソフトサービス',0,0,0,0,673200, current_timestamp)
,(N'19',8,N'14000100',N'ZAB202400100',N'1',N'PPE_ﾘｸﾞﾄﾞﾛｯﾌﾟ社_生産管理ｼｽﾃﾑ(導入)追加',N'株式会社ソフトサービス',0,0,0,0,2371500, current_timestamp)
,(N'19',9,N'14000100',N'ZAB202400104',N'1',N'DPCマクセルイズミ向け開発支援_2025年08月',N'株式会社電脳企画',0,188899,0,0,700000, current_timestamp)
,(N'19',10,N'14000100',N'ZAB202400011',N'1',N'SSV作業 2025年08月',N'株式会社ソフトサービス',0,0,5636403,0,5067834, current_timestamp)
,(N'3',0,N'14000100',N'ZAB202300017',N'1',N'間接プロジェクト（43期）',N'【社内処理】株式会社ｴｽｼｰｱｲ',0,-500000,0,0,0, current_timestamp)
,(N'3',1,N'14000100',N'ZAB202400001',N'1',N'間接プロジェクト（44期）',N'【社内処理】株式会社ｴｽｼｰｱｲ',0,348501,62633,265018,0, current_timestamp)
,(N'3',2,N'14000100',N'ZAB202400032',N'1',N'JRCS保守202412',N'JRCS 株式会社',0,0,0,0,120000, current_timestamp)
,(N'3',3,N'14000100',N'ZAB202300112',N'1',N'【AE0175992】HP 管理機能追加',N'旭化成エンジニアリング株式会社',0,4668,952000,0,945000, current_timestamp)
,(N'3',4,N'14000100',N'ZAB202400026',N'1',N'ダイハツ　TVECS通信処理対応',N'株式会社クレオ',0,122624,498265,0,540000, current_timestamp)
,(N'3',5,N'14000100',N'ZAB202400014',N'1',N'PPE_ﾘｸﾞﾄﾞﾛｯﾌﾟ社_生産管理ｼｽﾃﾑ(設計_後半)',N'株式会社ソフトサービス',0,1358462,1260000,0,6000000, current_timestamp)
,(N'3',6,N'14000100',N'ZAB202400034',N'1',N'BSW_2024.12_要件定義ﾌｪｰｽﾞ支援作業',N'株式会社ソフトサービス',0,0,1137811,0,1550000, current_timestamp)
,(N'3',7,N'14000100',N'ZAB202400023',N'1',N'LSシステム　宇都宮（2024年12月）',N'株式会社ソフトサービス',0,452589,0,0,800000, current_timestamp)
,(N'3',8,N'14000100',N'ZAB202400027',N'1',N'PPE_ﾘｸﾞﾄﾞﾛｯﾌﾟ社_生産管理ｼｽﾃﾑ(開発_先行)',N'株式会社ソフトサービス',0,0,855246,0,1096000, current_timestamp)
,(N'3',9,N'14000100',N'ZAB202400028',N'1',N'PPE_徳島工場(ｲｵﾝ生産管理ｼｽﾃﾑ)2024年12月',N'株式会社ソフトサービス',0,413216,1277270,0,2994750, current_timestamp)
,(N'3',10,N'14000100',N'ZAB202400029',N'1',N'PPE_KSプロコン(カンザス)2024年12月',N'株式会社ソフトサービス',0,512905,691904,0,1836525, current_timestamp)
,(N'3',11,N'14000100',N'ZAB202400030',N'1',N'PHC_自動培養装置 開発支援(2024年12月)',N'株式会社ソフトサービス',0,0,596250,0,814524, current_timestamp)
,(N'3',12,N'14000100',N'ZAB202400003',N'1',N'SSV作業 2024年12月',N'株式会社ソフトサービス',0,0,5702888,0,6815478, current_timestamp)
,(N'3',13,N'14000100',N'ZAB202400033',N'1',N'ｶﾝﾉ_筑肥・西唐津線自動放送ｱﾌﾟﾘ改(202412)',N'株式会社ソフトサービス',0,14692,0,0,0, current_timestamp)
,(N'6',0,N'14000100',N'ZAB202400001',N'1',N'間接プロジェクト（44期）',N'【社内処理】株式会社ｴｽｼｰｱｲ',0,1419899,352223,259116,0, current_timestamp)
,(N'6',1,N'14000100',N'ZAB202400026',N'1',N'ダイハツ　TVECS通信処理対応',N'株式会社クレオ',0,59725,0,39505,0, current_timestamp)
,(N'6',2,N'14000100',N'ZAB202400051',N'1',N'ダイハツ　TVECS SUCS法規対応_1月',N'株式会社クレオ',0,0,0,0,860625, current_timestamp)
,(N'6',3,N'14000100',N'ZAB202400049',N'1',N'BSW_2025.01_要件定義ﾌｪｰｽﾞ支援作業',N'株式会社ソフトサービス',0,0,0,0,839593, current_timestamp)
,(N'6',4,N'14000100',N'ZAB202400024',N'1',N'LSシステム　宇都宮（2025年01月）',N'株式会社ソフトサービス',0,501824,0,0,800000, current_timestamp)
,(N'6',5,N'14000100',N'ZAB202400035',N'1',N'PPE_KSプロコン(カンザス)2025年1月',N'株式会社ソフトサービス',0,528762,600000,0,1687021, current_timestamp)
,(N'6',6,N'14000100',N'ZAB202400036',N'1',N'PHC_自動培養装置 開発支援(2025年1月)',N'株式会社ソフトサービス',0,0,600000,0,802565, current_timestamp)
,(N'6',7,N'14000100',N'ZAB202400037',N'1',N'PPE_徳島工場(ｲｵﾝ生産管理ｼｽﾃﾑ)2025年1月',N'株式会社ソフトサービス',0,542931,576000,1282,1834250, current_timestamp)
,(N'6',8,N'14000100',N'ZAB202400004',N'1',N'SSV作業 2025年01月',N'株式会社ソフトサービス',0,0,6468420,0,6797207, current_timestamp)
,(N'6',9,N'14000200',N'ZAB202400043',N'1',N'化研マテリアル保守202502',N'化研マテリアル株式会社',0,0,0,0,45000, current_timestamp)
,(N'8',0,N'14000100',N'ZAB202400001',N'1',N'間接プロジェクト（44期）',N'【社内処理】株式会社ｴｽｼｰｱｲ',0,855004,134000,331338,0, current_timestamp)
,(N'8',1,N'14000100',N'ZAB202400039',N'1',N'【AE0177583】富士感光材AP21ｻｰﾊﾞoracle移',N'旭化成エンジニアリング株式会社',0,92964,320000,0,1237500, current_timestamp)
,(N'8',2,N'14000100',N'ZAB202400047',N'1',N'【AE0178137】ﾊｲﾎﾟｱ保守ｻﾎﾟｰﾄ支援202502',N'旭化成エンジニアリング株式会社',0,0,26000,0,450000, current_timestamp)
,(N'8',3,N'14000100',N'ZAB202400048',N'1',N'【AE0178171】ACT基幹ｼｽﾃﾑ年間保守対応2月',N'旭化成エンジニアリング株式会社',0,174499,0,0,303750, current_timestamp)
,(N'8',4,N'14000100',N'ZAB202400057',N'1',N'ｶﾝﾉ_筑肥・西唐津線自動放送ｱﾌﾟﾘ改(202502)',N'株式会社ソフトサービス',0,217316,0,0,311000, current_timestamp)
,(N'8',5,N'14000100',N'ZAB202400060',N'1',N'BSW_2025.01_要件定義ﾌｪｰｽﾞ支援作業',N'株式会社ソフトサービス',0,0,0,0,782678, current_timestamp)
,(N'8',6,N'14000100',N'ZAB202400025',N'1',N'LSシステム　宇都宮（2025年02月）',N'株式会社ソフトサービス',0,206005,0,0,400000, current_timestamp)
,(N'8',7,N'14000100',N'ZAB202400044',N'1',N'PPE_KSプロコン(カンザス)2025年2月',N'株式会社ソフトサービス',0,582474,623310,0,1249025, current_timestamp)
,(N'8',8,N'14000100',N'ZAB202400045',N'1',N'PPE_徳島工場(ｲｵﾝ生産管理ｼｽﾃﾑ)2025年2月',N'株式会社ソフトサービス',0,633606,587000,0,1516532, current_timestamp)
,(N'8',9,N'14000100',N'ZAB202400046',N'1',N'PHC_自動培養装置 開発支援(2025年2月)',N'株式会社ソフトサービス',0,0,600000,0,732141, current_timestamp)
,(N'8',10,N'14000100',N'ZAB202400050',N'1',N'システムケイ向けWeb解析業務',N'株式会社ソフトサービス',0,167065,0,0,1160000, current_timestamp)
,(N'8',11,N'14000100',N'ZAB202400052',N'1',N'小山保守202503',N'小山株式会社',0,0,0,0,120000, current_timestamp)
,(N'8',12,N'14000100',N'ZAB202400005',N'1',N'SSV作業 2025年02月',N'株式会社ソフトサービス',0,0,6400597,0,6775755, current_timestamp)
;

delete from t_merge_target;
insert into t_merge_target(fiscal_date, version, fg_id, wip_id, modified_date) values 
(N'202411',N'0',N'1',N'2', current_timestamp)
,(N'202412',N'0',N'3',N'4', current_timestamp)
,(N'202501',N'0',N'6',N'5', current_timestamp)
,(N'202502',N'0',N'8',N'7', current_timestamp)
,(N'202503',N'0',N'10',N'9', current_timestamp)
,(N'202504',N'0',N'12',N'11', current_timestamp)
,(N'202505',N'0',N'14',N'13', current_timestamp)
,(N'202506',N'0',N'15',N'16', current_timestamp)
,(N'202507',N'0',N'17',N'18', current_timestamp)
,(N'202508',N'0',N'19',N'20', current_timestamp)
;

delete from t_merge_result;
insert into t_merge_result(fiscal_date, version, order_detail, order_rowno, fg_id, wip_id, cost_labor, cost_subcontract, cost, cost_other, change_value, product_div, modified_date) values 
(N'202411',N'0',N'ZAB202300017',N'1',N'1',null,47350,0,202715,0,null,N'1', current_timestamp)
,(N'202411',N'0',N'ZAB202300095',N'2',N'1',null,151080,0,0,0,null,N'1', current_timestamp)
,(N'202411',N'0',N'ZAB202300099',N'1',N'1',null,886138,0,0,0,null,N'1', current_timestamp)
,(N'202411',N'0',N'ZAB202300109',N'1',null,N'2',20232,0,0,0,20232,N'2', current_timestamp)
,(N'202411',N'0',N'ZAB202300110',N'1',null,N'2',37354,0,0,0,37354,N'2', current_timestamp)
,(N'202411',N'0',N'ZAB202300112',N'1',null,N'2',4668,600000,0,0,604668,N'2', current_timestamp)
,(N'202411',N'0',N'ZAB202400002',N'1',N'1',null,0,5773483,0,0,null,N'1', current_timestamp)
,(N'202411',N'0',N'ZAB202400014',N'1',null,N'2',655301,630000,0,0,1285301,N'2', current_timestamp)
,(N'202411',N'0',N'ZAB202400015',N'1',N'1',null,542432,1399995,77754,0,null,N'1', current_timestamp)
,(N'202411',N'0',N'ZAB202400016',N'1',N'1',null,0,600000,0,0,null,N'1', current_timestamp)
,(N'202411',N'0',N'ZAB202400017',N'1',N'1',null,0,540767,0,0,null,N'1', current_timestamp)
,(N'202411',N'0',N'ZAB202400018',N'1',N'1',null,0,1121300,0,0,null,N'1', current_timestamp)
,(N'202411',N'0',N'ZAB202400019',N'1',N'1',null,0,1160000,0,0,null,N'1', current_timestamp)
,(N'202411',N'0',N'ZAB202400020',N'1',N'1',null,0,0,0,0,null,N'1', current_timestamp)
,(N'202411',N'0',N'ZAB202400021',N'1',N'1',null,183663,0,0,0,null,N'1', current_timestamp)
,(N'202411',N'0',N'ZAB202400022',N'1',N'1',null,652009,0,0,0,null,N'1', current_timestamp)
,(N'202411',N'0',N'ZAB202400026',N'1',null,N'2',98835,498265,0,0,597100,N'2', current_timestamp)
,(N'202411',N'0',N'ZAB202400027',N'1',null,N'2',0,79233,0,0,79233,N'2', current_timestamp)
,(N'202412',N'0',N'ZAB202300017',N'1',N'3',null,-500000,0,0,0,null,N'1', current_timestamp)
,(N'202412',N'0',N'ZAB202300109',N'1',null,N'4',42076,0,0,0,62308,N'2', current_timestamp)
,(N'202412',N'0',N'ZAB202300110',N'1',null,N'4',2797,0,0,0,40151,N'2', current_timestamp)
,(N'202412',N'0',N'ZAB202300112',N'1',N'3',null,0,352000,0,0,null,N'1', current_timestamp)
,(N'202412',N'0',N'ZAB202400001',N'1',N'3',null,348501,62633,265018,0,null,N'1', current_timestamp)
,(N'202412',N'0',N'ZAB202400003',N'1',N'3',null,0,5702888,0,0,null,N'1', current_timestamp)
,(N'202412',N'0',N'ZAB202400014',N'1',N'3',null,703161,630000,0,0,null,N'1', current_timestamp)
,(N'202412',N'0',N'ZAB202400023',N'1',N'3',null,452589,0,0,0,null,N'1', current_timestamp)
,(N'202412',N'0',N'ZAB202400026',N'1',N'3',null,23789,0,0,0,null,N'1', current_timestamp)
,(N'202412',N'0',N'ZAB202400027',N'1',N'3',null,0,776013,0,0,null,N'1', current_timestamp)
,(N'202412',N'0',N'ZAB202400028',N'1',N'3',null,413216,1277270,0,0,null,N'1', current_timestamp)
,(N'202412',N'0',N'ZAB202400029',N'1',N'3',null,512905,691904,0,0,null,N'1', current_timestamp)
,(N'202412',N'0',N'ZAB202400030',N'1',N'3',null,0,596250,0,0,null,N'1', current_timestamp)
,(N'202412',N'0',N'ZAB202400032',N'1',N'3',null,0,0,0,0,null,N'1', current_timestamp)
,(N'202412',N'0',N'ZAB202400033',N'1',N'3',null,14692,0,0,0,null,N'1', current_timestamp)
,(N'202412',N'0',N'ZAB202400034',N'1',N'3',null,0,1137811,0,0,null,N'1', current_timestamp)
,(N'202501',N'0',N'ZAB202300109',N'1',null,N'5',0,0,0,0,62308,N'2', current_timestamp)
,(N'202501',N'0',N'ZAB202300110',N'1',null,N'5',0,0,0,0,40151,N'2', current_timestamp)
,(N'202501',N'0',N'ZAB202400001',N'1',N'6',null,1419899,352223,259116,0,null,N'1', current_timestamp)
,(N'202501',N'0',N'ZAB202400004',N'1',N'6',null,0,6468420,0,0,null,N'1', current_timestamp)
,(N'202501',N'0',N'ZAB202400024',N'1',N'6',null,501824,0,0,0,null,N'1', current_timestamp)
,(N'202501',N'0',N'ZAB202400026',N'1',N'6',null,59725,0,39505,0,null,N'1', current_timestamp)
,(N'202501',N'0',N'ZAB202400035',N'1',N'6',null,528762,600000,0,0,null,N'1', current_timestamp)
,(N'202501',N'0',N'ZAB202400036',N'1',N'6',null,0,600000,0,0,null,N'1', current_timestamp)
,(N'202501',N'0',N'ZAB202400037',N'1',N'6',null,542931,576000,1282,0,null,N'1', current_timestamp)
,(N'202501',N'0',N'ZAB202400038',N'1',null,N'5',739096,2422582,0,0,3161678,N'2', current_timestamp)
,(N'202501',N'0',N'ZAB202400039',N'1',null,N'5',77293,320000,0,0,397293,N'2', current_timestamp)
,(N'202501',N'0',N'ZAB202400040',N'1',null,N'5',30739,0,0,0,30739,N'2', current_timestamp)
,(N'202501',N'0',N'ZAB202400043',N'1',N'6',null,0,0,0,0,null,N'1', current_timestamp)
,(N'202501',N'0',N'ZAB202400049',N'1',N'6',null,0,0,0,0,null,N'1', current_timestamp)
,(N'202501',N'0',N'ZAB202400051',N'1',N'6',null,0,0,0,0,null,N'1', current_timestamp)
,(N'202502',N'0',N'ZAB202300109',N'1',null,N'7',0,0,0,0,62308,N'2', current_timestamp)
,(N'202502',N'0',N'ZAB202300110',N'1',null,N'7',0,0,0,0,40151,N'2', current_timestamp)
,(N'202502',N'0',N'ZAB202400001',N'1',N'8',null,855004,134000,331338,0,null,N'1', current_timestamp)
,(N'202502',N'0',N'ZAB202400005',N'1',N'8',null,0,6400597,0,0,null,N'1', current_timestamp)
,(N'202502',N'0',N'ZAB202400025',N'1',N'8',null,206005,0,0,0,null,N'1', current_timestamp)
,(N'202502',N'0',N'ZAB202400038',N'1',null,N'7',613065,2946750,0,0,6721493,N'2', current_timestamp)
,(N'202502',N'0',N'ZAB202400039',N'1',N'8',null,15671,0,0,0,null,N'1', current_timestamp)
,(N'202502',N'0',N'ZAB202400040',N'1',null,N'7',60587,0,0,0,91326,N'2', current_timestamp)
,(N'202502',N'0',N'ZAB202400044',N'1',N'8',null,582474,623310,0,0,null,N'1', current_timestamp)
,(N'202502',N'0',N'ZAB202400045',N'1',N'8',null,633606,587000,0,0,null,N'1', current_timestamp)
,(N'202502',N'0',N'ZAB202400046',N'1',N'8',null,0,600000,0,0,null,N'1', current_timestamp)
,(N'202502',N'0',N'ZAB202400047',N'1',N'8',null,0,26000,0,0,null,N'1', current_timestamp)
,(N'202502',N'0',N'ZAB202400048',N'1',N'8',null,174499,0,0,0,null,N'1', current_timestamp)
,(N'202502',N'0',N'ZAB202400050',N'1',N'8',null,167065,0,0,0,null,N'1', current_timestamp)
,(N'202502',N'0',N'ZAB202400052',N'1',N'8',null,0,0,0,0,null,N'1', current_timestamp)
,(N'202502',N'0',N'ZAB202400053',N'1',null,N'7',0,368000,0,0,368000,N'2', current_timestamp)
,(N'202502',N'0',N'ZAB202400057',N'1',N'8',null,217316,0,0,0,null,N'1', current_timestamp)
,(N'202502',N'0',N'ZAB202400060',N'1',N'8',null,0,0,0,0,null,N'1', current_timestamp)
,(N'202503',N'0',N'ZAB202300109',N'1',N'10',null,20156,0,0,0,null,N'1', current_timestamp)
,(N'202503',N'0',N'ZAB202300110',N'1',N'10',null,0,0,0,0,null,N'1', current_timestamp)
,(N'202503',N'0',N'ZAB202400001',N'1',N'10',null,6209057,28755,257744,0,null,N'1', current_timestamp)
,(N'202503',N'0',N'ZAB202400006',N'1',N'10',null,0,6447979,0,0,null,N'1', current_timestamp)
,(N'202503',N'0',N'ZAB202400038',N'1',N'10',null,632976,3007580,0,0,null,N'1', current_timestamp)
,(N'202503',N'0',N'ZAB202400040',N'1',N'10',null,16796,0,0,0,null,N'1', current_timestamp)
,(N'202503',N'0',N'ZAB202400053',N'1',null,N'9',0,540000,0,0,908000,N'2', current_timestamp)
,(N'202503',N'0',N'ZAB202400054',N'1',N'10',null,0,600000,0,0,null,N'1', current_timestamp)
,(N'202503',N'0',N'ZAB202400055',N'1',N'10',null,693185,1382522,0,0,null,N'1', current_timestamp)
,(N'202503',N'0',N'ZAB202400056',N'1',N'10',null,478762,600000,0,0,null,N'1', current_timestamp)
,(N'202503',N'0',N'ZAB202400058',N'1',N'10',null,452724,0,0,0,null,N'1', current_timestamp)
,(N'202503',N'0',N'ZAB202400061',N'1',N'10',null,0,0,0,0,null,N'1', current_timestamp)
,(N'202503',N'0',N'ZAB202400065',N'1',N'10',null,0,52000,0,0,null,N'1', current_timestamp)
,(N'202503',N'0',N'ZAB202400066',N'1',N'10',null,0,0,0,0,null,N'1', current_timestamp)
,(N'202503',N'0',N'ZAB202400069',N'1',N'10',null,0,0,0,0,null,N'1', current_timestamp)
,(N'202504',N'0',N'ZAB202300110',N'1',N'12',null,59079,0,0,0,null,N'1', current_timestamp)
,(N'202504',N'0',N'ZAB202400001',N'1',N'12',null,-1657545,160526,246625,0,null,N'1', current_timestamp)
,(N'202504',N'0',N'ZAB202400007',N'1',N'12',null,0,6003707,0,0,null,N'1', current_timestamp)
,(N'202504',N'0',N'ZAB202400038',N'1',N'12',null,456041,2693219,0,0,null,N'1', current_timestamp)
,(N'202504',N'0',N'ZAB202400053',N'1',N'12',null,0,0,0,0,null,N'1', current_timestamp)
,(N'202504',N'0',N'ZAB202400059',N'1',N'12',null,407394,0,0,0,null,N'1', current_timestamp)
,(N'202504',N'0',N'ZAB202400062',N'1',N'12',null,472851,1280000,0,0,null,N'1', current_timestamp)
,(N'202504',N'0',N'ZAB202400063',N'1',N'12',null,375722,610000,0,0,null,N'1', current_timestamp)
,(N'202504',N'0',N'ZAB202400064',N'1',N'12',null,0,610000,0,0,null,N'1', current_timestamp)
,(N'202504',N'0',N'ZAB202400068',N'1',N'12',null,346119,742920,0,0,null,N'1', current_timestamp)
,(N'202504',N'0',N'ZAB202400070',N'1',N'12',null,0,0,0,0,null,N'1', current_timestamp)
,(N'202504',N'0',N'ZAB202400072',N'1',null,N'11',58376,449474,0,0,507850,N'2', current_timestamp)
,(N'202504',N'0',N'ZAB202400076',N'1',N'12',null,0,0,0,0,null,N'1', current_timestamp)
,(N'202505',N'0',N'ZAB202400001',N'1',N'14',null,540598,403200,271083,0,null,N'1', current_timestamp)
,(N'202505',N'0',N'ZAB202400008',N'1',N'14',null,0,6378872,0,0,null,N'1', current_timestamp)
,(N'202505',N'0',N'ZAB202400067',N'1',null,N'13',264565,453786,220000,0,938351,N'2', current_timestamp)
,(N'202505',N'0',N'ZAB202400068',N'2',null,N'13',348114,2028578,0,0,2376692,N'2', current_timestamp)
,(N'202505',N'0',N'ZAB20240006A',N'1',N'14',null,0,66541,0,0,null,N'1', current_timestamp)
,(N'202505',N'0',N'ZAB202400072',N'1',N'14',null,40348,610000,0,0,null,N'1', current_timestamp)
,(N'202505',N'0',N'ZAB202400073',N'1',N'14',null,455744,1278805,0,0,null,N'1', current_timestamp)
,(N'202505',N'0',N'ZAB202400074',N'1',N'14',null,381893,610000,0,0,null,N'1', current_timestamp)
,(N'202505',N'0',N'ZAB202400075',N'1',N'14',null,0,610000,0,0,null,N'1', current_timestamp)
,(N'202505',N'0',N'ZAB202400077',N'1',N'14',null,0,0,0,0,null,N'1', current_timestamp)
,(N'202505',N'0',N'ZAB202400082',N'1',N'14',null,468060,0,0,0,null,N'1', current_timestamp)
,(N'202505',N'0',N'ZAB202400084',N'1',N'14',null,0,0,0,0,null,N'1', current_timestamp)
,(N'202505',N'0',N'ZAB202400086',N'1',N'14',null,0,0,0,220000,null,N'1', current_timestamp)
,(N'202506',N'0',N'ZAB202400001',N'1',N'15',null,1664610,812985,348376,0,null,N'1', current_timestamp)
,(N'202506',N'0',N'ZAB202400009',N'1',N'15',null,0,5997127,0,0,null,N'1', current_timestamp)
,(N'202506',N'0',N'ZAB202400067',N'1',null,N'16',289708,601260,0,0,1829319,N'2', current_timestamp)
,(N'202506',N'0',N'ZAB202400068',N'2',N'15',null,196458,0,0,0,null,N'1', current_timestamp)
,(N'202506',N'0',N'ZAB202400079',N'1',N'15',null,509777,1396480,0,0,null,N'1', current_timestamp)
,(N'202506',N'0',N'ZAB202400080',N'1',N'15',null,382746,610000,0,0,null,N'1', current_timestamp)
,(N'202506',N'0',N'ZAB202400081',N'1',N'15',null,0,610000,0,0,null,N'1', current_timestamp)
,(N'202506',N'0',N'ZAB202400083',N'1',N'15',null,396097,0,0,0,null,N'1', current_timestamp)
,(N'202506',N'0',N'ZAB202400085',N'1',null,N'16',21615,321876,0,0,343491,N'2', current_timestamp)
,(N'202506',N'0',N'ZAB202400090',N'1',N'15',null,0,0,0,0,null,N'1', current_timestamp)
,(N'202507',N'0',N'ZAB202300089',N'1',N'17',null,1386,0,0,0,null,N'1', current_timestamp)
,(N'202507',N'0',N'ZAB202400001',N'1',N'17',null,2327256,64210,799101,0,null,N'1', current_timestamp)
,(N'202507',N'0',N'ZAB202400010',N'1',N'17',null,0,5840288,0,0,null,N'1', current_timestamp)
,(N'202507',N'0',N'ZAB202400067',N'1',N'17',null,211714,518285,0,0,null,N'1', current_timestamp)
,(N'202507',N'0',N'ZAB202400068',N'2',N'17',null,227074,2196198,0,0,null,N'1', current_timestamp)
,(N'202507',N'0',N'ZAB202400078',N'1',N'17',null,0,0,0,0,null,N'1', current_timestamp)
,(N'202507',N'0',N'ZAB202400085',N'1',null,N'18',164568,545455,0,0,1053514,N'2', current_timestamp)
,(N'202507',N'0',N'ZAB202400087',N'1',N'17',null,426065,1725430,0,0,null,N'1', current_timestamp)
,(N'202507',N'0',N'ZAB202400088',N'1',N'17',null,478856,610000,0,0,null,N'1', current_timestamp)
,(N'202507',N'0',N'ZAB202400089',N'1',null,N'18',248772,465525,0,0,714297,N'2', current_timestamp)
,(N'202507',N'0',N'ZAB202400092',N'1',null,N'18',8327,80265,0,0,88592,N'2', current_timestamp)
,(N'202507',N'0',N'ZAB202400093',N'1',N'17',null,0,0,0,0,null,N'1', current_timestamp)
,(N'202507',N'0',N'ZAB202400096',N'1',N'17',null,465113,0,0,0,null,N'1', current_timestamp)
,(N'202507',N'0',N'ZAB202400097',N'1',N'17',null,0,727000,0,0,null,N'1', current_timestamp)
,(N'202507',N'0',N'ZAB202400098',N'1',N'17',null,0,0,0,0,null,N'1', current_timestamp)
,(N'202507',N'0',N'ZAB202400099',N'1',N'17',null,0,0,0,0,null,N'1', current_timestamp)
,(N'202508',N'0',N'ZAB202400001',N'1',N'19',null,1204613,0,334381,0,null,N'1', current_timestamp)
,(N'202508',N'0',N'ZAB202400011',N'1',N'19',null,0,5636403,0,0,null,N'1', current_timestamp)
,(N'202508',N'0',N'ZAB202400041',N'1',null,N'20',213341,618000,0,0,831341,N'2', current_timestamp)
,(N'202508',N'0',N'ZAB202400067',N'1',N'19',null,86163,162992,0,0,null,N'1', current_timestamp)
,(N'202508',N'0',N'ZAB202400085',N'1',null,N'20',457060,459638,129724,0,2099936,N'2', current_timestamp)
,(N'202508',N'0',N'ZAB202400089',N'1',N'19',null,164458,235840,0,0,null,N'1', current_timestamp)
,(N'202508',N'0',N'ZAB202400092',N'1',null,N'20',311520,488968,0,0,889080,N'2', current_timestamp)
,(N'202508',N'0',N'ZAB202400093',N'1',N'19',null,4968,0,1991,0,null,N'1', current_timestamp)
,(N'202508',N'0',N'ZAB202400094',N'1',N'19',null,851646,1782310,0,0,null,N'1', current_timestamp)
,(N'202508',N'0',N'ZAB202400095',N'1',N'19',null,377386,505600,0,0,null,N'1', current_timestamp)
,(N'202508',N'0',N'ZAB202400100',N'1',N'19',null,0,0,0,0,null,N'1', current_timestamp)
,(N'202508',N'0',N'ZAB202400101',N'1',null,N'20',0,0,0,109497,109497,N'2', current_timestamp)
,(N'202508',N'0',N'ZAB202400104',N'1',N'19',null,188899,0,0,0,null,N'1', current_timestamp)
,(N'202508',N'0',N'ZAB202400109',N'1',N'19',null,0,0,0,0,null,N'1', current_timestamp)
,(N'202508',N'0',N'ZAB202400110',N'1',N'19',null,0,0,0,0,null,N'1', current_timestamp)
;

delete from m_users;
delete from m_role;
insert into m_role(role_id, role_name, role_desc, created_at, updated_at) values (1, '一般', '一般利用者', current_timestamp, current_timestamp);
insert into m_role(role_id, role_name, role_desc, created_at, updated_at) values (2, '管理者', 'システム管理者', current_timestamp, current_timestamp);
