-- 部門マスタ
delete from m_div;
insert into m_div(div_cd,div_nm,modified_user,modified_date) values 
    ('14000100','技術部',1,TIMESTAMP '2025-10-10 13:54:49.563');

-- ユーザマスタ
delete from m_users;
insert into m_users(azure_ad_id,email,display_name,role_id,last_login_at,created_at,updated_at) values 
    ('{a3367a9a-d0dc-4632-87d8-a05bd393fef2}','naoya.izumida@sci-it.co.jp','出水田 直哉',2,TIMESTAMP '2025-10-24 08:08:02.954',TIMESTAMP '2025-10-10 13:55:05.789',TIMESTAMP '2025-10-24 08:08:02.954')
  , ('{23b76cc8-625d-411e-9a54-8308f6c4bf10}','yuji.kawakami@sci-it.co.jp','川上 裕司',2,TIMESTAMP '2025-10-24 08:34:17.733',TIMESTAMP '2025-10-24 08:34:17.733',TIMESTAMP '2025-10-24 08:34:17.733')
  , ('{7c42a11f-2406-4c04-92c6-60de1a9055f2}','marin.kawahara@sci-it.co.jp','川原 茉鈴',2,TIMESTAMP '2025-10-24 08:36:47.836',TIMESTAMP '2025-10-24 08:36:47.836',TIMESTAMP '2025-10-24 08:36:47.836')
  , ('{34281303-6a2c-458e-813f-510ddf0babdc}','naoya.takano@sci-it.co.jp','高野 那央也',2,TIMESTAMP '2025-10-24 08:37:54.813',TIMESTAMP '2025-10-24 08:37:54.813',TIMESTAMP '2025-10-24 08:37:54.813')
  , ('{c5cbd7af-143c-4b27-8153-353e7a2abac1}','satomi.hoshino@sci-it.co.jp','星野 智美',1,TIMESTAMP '2025-10-24 08:39:47.874',TIMESTAMP '2025-10-24 08:39:47.874',TIMESTAMP '2025-10-24 08:39:47.874')
  , ('{799cf9a7-c5df-4502-94df-a67c6d02d8eb}','shion.miyaoka@sci-it.co.jp','宮岡 志音',1,TIMESTAMP '2025-10-24 09:00:34.240',TIMESTAMP '2025-10-24 09:00:34.240',TIMESTAMP '2025-10-24 09:00:34.240');

-- 権限マスタ
delete from m_role;
insert into m_role(role_name,role_desc,created_at,updated_at) values 
    ('一般','一般利用者',TIMESTAMP '2025-10-10 13:54:49.649',TIMESTAMP '2025-10-10 13:54:49.649')
  , ('管理者','システム管理者',TIMESTAMP '2025-10-10 13:54:49.651',TIMESTAMP '2025-10-10 13:54:49.651');

-- ファイル情報マスタ
delete from m_file_info;
insert into m_file_info(manage_id,fiscal_date,version,file_div,file_nm,modified_user,modified_date) values 
    ('1','202411','1','F','【SCI】2024年11月_完成PJ台帳_02',null,TIMESTAMP '2025-10-10 13:54:49.593')
  , ('10','202503','1','F','【SCI】2025年3月_完成PJ台帳_01',null,TIMESTAMP '2025-10-10 13:54:49.593')
  , ('11','202504','1','W','【SCI】2025年4月_仕掛PJ台帳_03',null,TIMESTAMP '2025-10-10 13:54:49.593')
  , ('12','202504','1','F','【SCI】2025年4月_完成PJ台帳_02',null,TIMESTAMP '2025-10-10 13:54:49.593')
  , ('13','202505','1','W','【SCI】2025年5月_仕掛PJ台帳_01',null,TIMESTAMP '2025-10-10 13:54:49.593')
  , ('14','202505','1','F','【SCI】2025年5月_完成PJ台帳_01',null,TIMESTAMP '2025-10-10 13:54:49.593')
  , ('15','202506','1','F','【SCI】2025年6月_完成PJ台帳_02',null,TIMESTAMP '2025-10-10 13:54:49.593')
  , ('16','202506','1','W','【SCI】2025年6月_仕掛PJ台帳_02',null,TIMESTAMP '2025-10-10 13:54:49.593')
  , ('17','202507','1','F','【SCI】2025年7月_完成PJ台帳_01',null,TIMESTAMP '2025-10-10 13:54:49.593')
  , ('18','202507','1','W','【SCI】2025年7月_仕掛PJ台帳_01',null,TIMESTAMP '2025-10-10 13:54:49.593')
  , ('19','202508','1','F','【SCI】2025年8月_完成PJ台帳_00',null,TIMESTAMP '2025-10-10 13:54:49.593')
  , ('2','202411','1','W','【SCI】2024年11月_仕掛PJ台帳_02',null,TIMESTAMP '2025-10-10 13:54:49.593')
  , ('20','202508','1','W','【SCI】2025年8月_仕掛PJ台帳_00',null,TIMESTAMP '2025-10-10 13:54:49.593')
  , ('21','202508','2','W','【SCI】2025年8月_仕掛PJ台帳_00',1,TIMESTAMP '2025-10-23 16:03:17.445')
  , ('22','202508','2','F','【SCI】2025年8月_完成PJ台帳_00',1,TIMESTAMP '2025-10-23 16:03:17.597')
  , ('3','202412','1','F','【SCI】2024年12月_完成PJ台帳_01',null,TIMESTAMP '2025-10-10 13:54:49.593')
  , ('4','202412','1','W','【SCI】2024年12月_仕掛PJ台帳_01',null,TIMESTAMP '2025-10-10 13:54:49.593')
  , ('5','202501','1','W','【SCI】2025年1月_仕掛PJ台帳_01',null,TIMESTAMP '2025-10-10 13:54:49.593')
  , ('6','202501','1','F','【SCI】2025年1月_完成PJ台帳_01',null,TIMESTAMP '2025-10-10 13:54:49.593')
  , ('7','202502','1','W','【SCI】2025年2月_仕掛PJ台帳_00',null,TIMESTAMP '2025-10-10 13:54:49.593')
  , ('8','202502','1','F','【SCI】2025年2月_完成PJ台帳_00',null,TIMESTAMP '2025-10-10 13:54:49.593')
  , ('9','202503','1','W','【SCI】2025年3月_仕掛PJ台帳_01',null,TIMESTAMP '2025-10-10 13:54:49.593');

-- 案件情報マスタ
delete from m_topic_info;
insert into m_topic_info(order_detail,order_rowno,project_nm,customer,group_id,disp_seq,del_flg,modified_user,modified_date) values 
    ('ZAB202300017','1','間接プロジェクト（43期）','【社内処理】株式会社ｴｽｼｰｱｲ','SC000',1,'1',null,TIMESTAMP '2025-10-10 13:54:49.577')
  , ('ZAB202300064','1','【AE0172420】AFP,ACSｼｽﾃﾑｻﾎﾟｰﾄ2024上期','旭化成エンジニアリング株式会社','AA000',1,'0',1,TIMESTAMP '2025-10-24 08:08:43.718')
  , ('ZAB202300089','1','翻訳センター保守202408','株式会社　翻訳センター','HO000',1,'1',null,TIMESTAMP '2025-10-10 13:54:49.577')
  , ('ZAB202300095','2','【AE0174795】KJ様　ｻｰﾊﾞｰﾒﾝﾃﾅﾝｽ手順書作成','旭化成エンジニアリング株式会社','AA000',2,'1',null,TIMESTAMP '2025-10-10 13:54:49.577')
  , ('ZAB202300099','1','【AE0174850】調合原材料天秤計量ｼｽﾃﾑ追加','旭化成エンジニアリング株式会社','AA000',3,'1',null,TIMESTAMP '2025-10-10 13:54:49.577')
  , ('ZAB202300109','1','【AE0176136】KJ様　ｼｽﾃﾑｻﾎﾟｰﾄ保守2024下期','旭化成エンジニアリング株式会社','AA000',5,'1',null,TIMESTAMP '2025-10-10 13:54:49.577')
  , ('ZAB202300110','1','【AE0175942】AFP,ACSｼｽﾃﾑｻﾎﾟｰﾄ2024下期','旭化成エンジニアリング株式会社','AA000',6,'1',null,TIMESTAMP '2025-10-10 13:54:49.577')
  , ('ZAB202300112','1','【AE0175992】HP 管理機能追加','旭化成エンジニアリング株式会社','AA000',7,'1',null,TIMESTAMP '2025-10-10 13:54:49.577')
  , ('ZAB202400001','1','間接プロジェクト（44期）','【社内処理】株式会社ｴｽｼｰｱｲ','SC000',2,'0',1,TIMESTAMP '2025-10-24 08:08:43.718')
  , ('ZAB202400002','1','SSV作業 2024年11月','株式会社ソフトサービス','SO000',7,'1',null,TIMESTAMP '2025-10-10 13:54:49.577')
  , ('ZAB202400003','1','SSV作業 2024年12月','株式会社ソフトサービス','SO000',15,'1',null,TIMESTAMP '2025-10-10 13:54:49.577')
  , ('ZAB202400004','1','SSV作業 2025年01月','株式会社ソフトサービス','SO000',23,'1',null,TIMESTAMP '2025-10-10 13:54:49.577')
  , ('ZAB202400005','1','SSV作業 2025年02月','株式会社ソフトサービス','SO000',31,'1',null,TIMESTAMP '2025-10-10 13:54:49.577')
  , ('ZAB202400006','1','SSV作業 2025年03月','株式会社ソフトサービス','SO000',37,'1',null,TIMESTAMP '2025-10-10 13:54:49.577')
  , ('ZAB202400007','1','SSV作業 2025年04月','株式会社ソフトサービス','SO000',44,'1',null,TIMESTAMP '2025-10-10 13:54:49.577')
  , ('ZAB202400008','1','SSV作業 2025年05月','株式会社ソフトサービス','SO000',54,'1',null,TIMESTAMP '2025-10-10 13:54:49.577')
  , ('ZAB202400009','1','SSV作業 2025年06月','株式会社ソフトサービス','SO000',60,'1',null,TIMESTAMP '2025-10-10 13:54:49.577')
  , ('ZAB202400010','1','SSV作業 2025年07月','株式会社ソフトサービス','SO000',67,'1',null,TIMESTAMP '2025-10-10 13:54:49.577')
  , ('ZAB202400011','1','SSV作業 2025年08月','株式会社ソフトサービス','SO000',73,'0',null,TIMESTAMP '2025-10-10 13:54:49.577')
  , ('ZAB202400014','1','PPE_ﾘｸﾞﾄﾞﾛｯﾌﾟ社_生産管理ｼｽﾃﾑ(設計_後半)','株式会社ソフトサービス','SO000',8,'1',null,TIMESTAMP '2025-10-10 13:54:49.577')
  , ('ZAB202400015','1','PPE_徳島工場(ｲｵﾝ生産管理ｼｽﾃﾑ)2024年11月','株式会社ソフトサービス','SO000',2,'1',null,TIMESTAMP '2025-10-10 13:54:49.577')
  , ('ZAB202400016','1','PHC_自動培養装置 開発支援(2024年11月)','株式会社ソフトサービス','SO000',3,'1',null,TIMESTAMP '2025-10-10 13:54:49.577')
  , ('ZAB202400017','1','【AE0176431】建材ｺﾐｭﾆｹｰｼｮﾝｼｽﾃﾑ要望対応','旭化成エンジニアリング株式会社','AA000',4,'1',null,TIMESTAMP '2025-10-10 13:54:49.577')
  , ('ZAB202400018','1','PPE_KSプロコン(カンザス)2024年11月','株式会社ソフトサービス','SO000',4,'1',null,TIMESTAMP '2025-10-10 13:54:49.577')
  , ('ZAB202400019','1','BSW_2024.11_要件定義ﾌｪｰｽﾞ支援作業','株式会社ソフトサービス','SO000',5,'1',null,TIMESTAMP '2025-10-10 13:54:49.577')
  , ('ZAB202400020','1','システムクリエイト保守202412','株式会社システムクリエイト','SH000',1,'1',null,TIMESTAMP '2025-10-10 13:54:49.577')
  , ('ZAB202400021','1','ｶﾝﾉ_筑肥・西唐津線自動放送ｱﾌﾟﾘ改(202411)','株式会社ソフトサービス','SO000',1,'1',null,TIMESTAMP '2025-10-10 13:54:49.577')
  , ('ZAB202400022','1','LSシステム　宇都宮（2024年11月）','株式会社ソフトサービス','SO000',6,'1',null,TIMESTAMP '2025-10-10 13:54:49.577')
  , ('ZAB202400023','1','LSシステム　宇都宮（2024年12月）','株式会社ソフトサービス','SO000',11,'1',null,TIMESTAMP '2025-10-10 13:54:49.577')
  , ('ZAB202400024','1','LSシステム　宇都宮（2025年01月）','株式会社ソフトサービス','SO000',19,'1',null,TIMESTAMP '2025-10-10 13:54:49.577')
  , ('ZAB202400025','1','LSシステム　宇都宮（2025年02月）','株式会社ソフトサービス','SO000',26,'1',null,TIMESTAMP '2025-10-10 13:54:49.577')
  , ('ZAB202400026','1','ダイハツ　TVECS通信処理対応','株式会社クレオ','KU000',1,'1',null,TIMESTAMP '2025-10-10 13:54:49.577')
  , ('ZAB202400027','1','PPE_ﾘｸﾞﾄﾞﾛｯﾌﾟ社_生産管理ｼｽﾃﾑ(開発_先行)','株式会社ソフトサービス','SO000',9,'1',null,TIMESTAMP '2025-10-10 13:54:49.577')
  , ('ZAB202400028','1','PPE_徳島工場(ｲｵﾝ生産管理ｼｽﾃﾑ)2024年12月','株式会社ソフトサービス','SO000',12,'1',null,TIMESTAMP '2025-10-10 13:54:49.577')
  , ('ZAB202400029','1','PPE_KSプロコン(カンザス)2024年12月','株式会社ソフトサービス','SO000',13,'1',null,TIMESTAMP '2025-10-10 13:54:49.577')
  , ('ZAB202400030','1','PHC_自動培養装置 開発支援(2024年12月)','株式会社ソフトサービス','SO000',14,'1',null,TIMESTAMP '2025-10-10 13:54:49.577')
  , ('ZAB202400032','1','JRCS保守202412','JRCS 株式会社','JR000',1,'1',null,TIMESTAMP '2025-10-10 13:54:49.577')
  , ('ZAB202400033','1','ｶﾝﾉ_筑肥・西唐津線自動放送ｱﾌﾟﾘ改(202412)','株式会社ソフトサービス','SO000',16,'1',null,TIMESTAMP '2025-10-10 13:54:49.577')
  , ('ZAB202400034','1','BSW_2024.12_要件定義ﾌｪｰｽﾞ支援作業','株式会社ソフトサービス','SO000',10,'1',null,TIMESTAMP '2025-10-10 13:54:49.577')
  , ('ZAB202400035','1','PPE_KSプロコン(カンザス)2025年1月','株式会社ソフトサービス','SO000',20,'1',null,TIMESTAMP '2025-10-10 13:54:49.577')
  , ('ZAB202400036','1','PHC_自動培養装置 開発支援(2025年1月)','株式会社ソフトサービス','SO000',21,'1',null,TIMESTAMP '2025-10-10 13:54:49.577')
  , ('ZAB202400037','1','PPE_徳島工場(ｲｵﾝ生産管理ｼｽﾃﾑ)2025年1月','株式会社ソフトサービス','SO000',22,'1',null,TIMESTAMP '2025-10-10 13:54:49.577')
  , ('ZAB202400038','1','PPE_ﾘｸﾞﾄﾞﾛｯﾌﾟ社_生産管理ｼｽﾃﾑ(開発ﾌｪｰｽﾞ)','株式会社ソフトサービス','SO000',17,'1',null,TIMESTAMP '2025-10-10 13:54:49.577')
  , ('ZAB202400039','1','【AE0177583】富士感光材AP21ｻｰﾊﾞoracle移','旭化成エンジニアリング株式会社','AA000',8,'1',null,TIMESTAMP '2025-10-10 13:54:49.577')
  , ('ZAB202400040','1','【AEC】MAL向けAPITs202501-202503','旭化成エンジニアリング株式会社','AA000',9,'1',null,TIMESTAMP '2025-10-10 13:54:49.577')
  , ('ZAB202400041','1','【AEC】MAL向けAPITs202508-09','旭化成エンジニアリング株式会社','AA000',20,'0',null,TIMESTAMP '2025-10-10 13:54:49.577')
  , ('ZAB202400043','1','化研マテリアル保守202502','化研マテリアル株式会社','KA000',1,'1',null,TIMESTAMP '2025-10-10 13:54:49.577')
  , ('ZAB202400044','1','PPE_KSプロコン(カンザス)2025年2月','株式会社ソフトサービス','SO000',27,'1',null,TIMESTAMP '2025-10-10 13:54:49.577')
  , ('ZAB202400045','1','PPE_徳島工場(ｲｵﾝ生産管理ｼｽﾃﾑ)2025年2月','株式会社ソフトサービス','SO000',28,'1',null,TIMESTAMP '2025-10-10 13:54:49.577')
  , ('ZAB202400046','1','PHC_自動培養装置 開発支援(2025年2月)','株式会社ソフトサービス','SO000',29,'1',null,TIMESTAMP '2025-10-10 13:54:49.577')
  , ('ZAB202400047','1','【AE0178137】ﾊｲﾎﾟｱ保守ｻﾎﾟｰﾄ支援202502','旭化成エンジニアリング株式会社','AA000',11,'1',null,TIMESTAMP '2025-10-10 13:54:49.577')
  , ('ZAB202400048','1','【AE0178171】ACT基幹ｼｽﾃﾑ年間保守対応2月','旭化成エンジニアリング株式会社','AA000',12,'1',null,TIMESTAMP '2025-10-10 13:54:49.577')
  , ('ZAB202400049','1','BSW_2025.01_要件定義ﾌｪｰｽﾞ支援作業','株式会社ソフトサービス','SO000',18,'1',null,TIMESTAMP '2025-10-10 13:54:49.577')
  , ('ZAB202400050','1','システムケイ向けWeb解析業務','株式会社ソフトサービス','SO000',30,'1',null,TIMESTAMP '2025-10-10 13:54:49.577')
  , ('ZAB202400051','1','ダイハツ　TVECS SUCS法規対応_1月','株式会社クレオ','KU000',2,'1',null,TIMESTAMP '2025-10-10 13:54:49.577')
  , ('ZAB202400052','1','小山保守202503','小山株式会社','OY000',1,'1',null,TIMESTAMP '2025-10-10 13:54:49.577')
  , ('ZAB202400053','1','工場CIMアラート機能追加','旭化成エンジニアリング株式会社','AA000',10,'1',null,TIMESTAMP '2025-10-10 13:54:49.577')
  , ('ZAB202400054','1','PHC_自動培養装置 開発支援(2025年3月)','株式会社ソフトサービス','SO000',34,'1',null,TIMESTAMP '2025-10-10 13:54:49.577')
  , ('ZAB202400055','1','PPE_徳島工場(ｲｵﾝ生産管理ｼｽﾃﾑ)2025年3月','株式会社ソフトサービス','SO000',35,'1',null,TIMESTAMP '2025-10-10 13:54:49.577')
  , ('ZAB202400056','1','PPE_KSプロコン(カンザス)2025年3月','株式会社ソフトサービス','SO000',38,'1',null,TIMESTAMP '2025-10-10 13:54:49.577')
  , ('ZAB202400057','1','ｶﾝﾉ_筑肥・西唐津線自動放送ｱﾌﾟﾘ改(202502)','株式会社ソフトサービス','SO000',24,'1',null,TIMESTAMP '2025-10-10 13:54:49.577')
  , ('ZAB202400058','1','ｶﾝﾉ_筑肥・西唐津線自動放送ｱﾌﾟﾘ改(202503)','株式会社ソフトサービス','SO000',32,'1',null,TIMESTAMP '2025-10-10 13:54:49.577')
  , ('ZAB202400059','1','ｶﾝﾉ_筑肥・西唐津線自動放送ｱﾌﾟﾘ改(202504)','株式会社ソフトサービス','SO000',39,'1',null,TIMESTAMP '2025-10-10 13:54:49.577')
  , ('ZAB202400060','1','BSW_2025.01_要件定義ﾌｪｰｽﾞ支援作業','株式会社ソフトサービス','SO000',25,'1',null,TIMESTAMP '2025-10-10 13:54:49.577')
  , ('ZAB202400061','1','PPE_ﾘｸﾞﾄﾞﾛｯﾌﾟ社_生産管理ｼｽﾃﾑ(開発)追加','株式会社ソフトサービス','SO000',36,'1',null,TIMESTAMP '2025-10-10 13:54:49.577')
  , ('ZAB202400062','1','PPE_徳島工場(ｲｵﾝ生産管理ｼｽﾃﾑ)2025年4月','株式会社ソフトサービス','SO000',41,'1',null,TIMESTAMP '2025-10-10 13:54:49.577')
  , ('ZAB202400063','1','PPE_KSプロコン(カンザス)2025年4月','株式会社ソフトサービス','SO000',42,'1',null,TIMESTAMP '2025-10-10 13:54:49.577')
  , ('ZAB202400064','1','PHC_自動培養装置 開発支援(2025年4月)','株式会社ソフトサービス','SO000',43,'1',null,TIMESTAMP '2025-10-10 13:54:49.577')
  , ('ZAB202400065','1','【AE0179624】ハイポア保守ｻﾎﾟｰﾄ支援作業','旭化成エンジニアリング株式会社','AA000',13,'1',null,TIMESTAMP '2025-10-10 13:54:49.577')
  , ('ZAB202400066','1','トークネット保守202504','株式会社トークネット','TO000',1,'1',null,TIMESTAMP '2025-10-10 13:54:49.577')
  , ('ZAB202400067','1','【AE0179507】【ACS】検査包装実績ｼｽﾃﾑ構築','旭化成エンジニアリング株式会社','AA000',15,'1',null,TIMESTAMP '2025-10-10 13:54:49.577')
  , ('ZAB202400068','1','PPE_ﾘｸﾞﾄﾞﾛｯﾌﾟ社_生産管理ｼｽﾃﾑ(導入ﾌｪｰｽﾞ)','株式会社ソフトサービス','SO000',45,'1',null,TIMESTAMP '2025-10-10 13:54:49.577')
  , ('ZAB202400068','2','PPE_ﾘｸﾞﾄﾞﾛｯﾌﾟ社_生産管理ｼｽﾃﾑ(導入ﾌｪｰｽﾞ)','株式会社ソフトサービス','SO000',46,'1',null,TIMESTAMP '2025-10-10 13:54:49.577')
  , ('ZAB202400069','1','BSW_2025.03_要件定義ﾌｪｰｽﾞ支援作業','株式会社ソフトサービス','SO000',33,'1',null,TIMESTAMP '2025-10-10 13:54:49.577')
  , ('ZAB20240006A','1','PPE_ﾘｸﾞﾄﾞﾛｯﾌﾟ社_生産管理ｼｽﾃﾑ(導入ﾌｪｰｽﾞ)','株式会社ソフトサービス','SO000',47,'1',null,TIMESTAMP '2025-10-10 13:54:49.577')
  , ('ZAB202400070','1','敬老園保守202505','社会福祉法人　敬老園','SH000',2,'1',null,TIMESTAMP '2025-10-10 13:54:49.577')
  , ('ZAB202400072','1','【基本設計】日向後工程自動化','旭化成エンジニアリング株式会社','AA000',14,'1',null,TIMESTAMP '2025-10-10 13:54:49.577')
  , ('ZAB202400073','1','PPE_徳島工場(ｲｵﾝ生産管理ｼｽﾃﾑ)2025年5月','株式会社ソフトサービス','SO000',50,'1',null,TIMESTAMP '2025-10-10 13:54:49.577')
  , ('ZAB202400074','1','PPE_KSプロコン(カンザス)2025年5月','株式会社ソフトサービス','SO000',51,'1',null,TIMESTAMP '2025-10-10 13:54:49.577')
  , ('ZAB202400075','1','PHC_自動培養装置 開発支援(2025年5月)','株式会社ソフトサービス','SO000',52,'1',null,TIMESTAMP '2025-10-10 13:54:49.577')
  , ('ZAB202400076','1','BSW_2025.04_要件定義ﾌｪｰｽﾞ支援作業','株式会社ソフトサービス','SO000',40,'1',null,TIMESTAMP '2025-10-10 13:54:49.577')
  , ('ZAB202400077','1','使用不可','株式会社ソフトサービス','SO000',53,'1',null,TIMESTAMP '2025-10-10 13:54:49.577')
  , ('ZAB202400078','1','【AE0180481】【ACS】システム総合メニュー','旭化成エンジニアリング株式会社','AA000',17,'1',null,TIMESTAMP '2025-10-10 13:54:49.577')
  , ('ZAB202400079','1','PPE_徳島工場(ｲｵﾝ生産管理ｼｽﾃﾑ)2025年6月','株式会社ソフトサービス','SO000',57,'1',null,TIMESTAMP '2025-10-10 13:54:49.577')
  , ('ZAB202400080','1','PPE_KSプロコン(カンザス)2025年6月','株式会社ソフトサービス','SO000',58,'1',null,TIMESTAMP '2025-10-10 13:54:49.577')
  , ('ZAB202400081','1','PHC_自動培養装置 開発支援(2025年6月)','株式会社ソフトサービス','SO000',59,'1',null,TIMESTAMP '2025-10-10 13:54:49.577')
  , ('ZAB202400082','1','SSVカンノ向け開発支援 5月度','株式会社ソフトサービス','SO000',48,'1',null,TIMESTAMP '2025-10-10 13:54:49.577')
  , ('ZAB202400083','1','SSVカンノ向け開発支援 6月度','株式会社ソフトサービス','SO000',55,'1',null,TIMESTAMP '2025-10-10 13:54:49.577')
  , ('ZAB202400084','1','南九州マツダ保守202506','株式会社南九州マツダ','MI000',1,'1',null,TIMESTAMP '2025-10-10 13:54:49.577')
  , ('ZAB202400085','1','【AE0180768】富士感光材_AP-21ｻｰﾊﾞoracle','旭化成エンジニアリング株式会社','AA000',16,'0',null,TIMESTAMP '2025-10-10 13:54:49.577')
  , ('ZAB202400086','1','BSW_2025.05_要件定義ﾌｪｰｽﾞ支援作業','株式会社ソフトサービス','SO000',49,'1',null,TIMESTAMP '2025-10-10 13:54:49.577')
  , ('ZAB202400087','1','PPE_徳島工場(ｲｵﾝ生産管理ｼｽﾃﾑ)2025年7月','株式会社ソフトサービス','SO000',63,'1',null,TIMESTAMP '2025-10-10 13:54:49.577')
  , ('ZAB202400088','1','PPE_KSプロコン(カンザス)2025年7月','株式会社ソフトサービス','SO000',64,'1',null,TIMESTAMP '2025-10-10 13:54:49.577')
  , ('ZAB202400089','1','【AE0181447】HP_MR物流改修要望対応','旭化成エンジニアリング株式会社','AA000',18,'0',null,TIMESTAMP '2025-10-10 13:54:49.577')
  , ('ZAB202400090','1','BSW_2025.06_要件定義ﾌｪｰｽﾞ支援作業','株式会社ソフトサービス','SO000',56,'1',null,TIMESTAMP '2025-10-10 13:54:49.577')
  , ('ZAB202400092','1','【AE0181749】HP_5DS後工程自動化_設計製作','旭化成エンジニアリング株式会社','AA000',19,'0',null,TIMESTAMP '2025-10-10 13:54:49.577')
  , ('ZAB202400093','1','翻訳センター保守202508','株式会社　翻訳センター','HO000',2,'1',null,TIMESTAMP '2025-10-10 13:54:49.577')
  , ('ZAB202400094','1','PPE_徳島工場(ｲｵﾝ生産管理ｼｽﾃﾑ)2025年8月','株式会社ソフトサービス','SO000',69,'0',null,TIMESTAMP '2025-10-10 13:54:49.577')
  , ('ZAB202400095','1','PPE_KSプロコン(カンザス)2025年8月','株式会社ソフトサービス','SO000',70,'0',null,TIMESTAMP '2025-10-10 13:54:49.577')
  , ('ZAB202400096','1','SSVカンノ向け開発支援 7月度','株式会社ソフトサービス','SO000',61,'1',null,TIMESTAMP '2025-10-10 13:54:49.577')
  , ('ZAB202400097','1','【AEC】MAL向けAPITs202507','株式会社ソフトサービス','SO000',65,'1',null,TIMESTAMP '2025-10-10 13:54:49.577')
  , ('ZAB202400098','1','BSW_2025.07_要件定義ﾌｪｰｽﾞ支援作業','株式会社ソフトサービス','SO000',62,'1',null,TIMESTAMP '2025-10-10 13:54:49.577')
  , ('ZAB202400099','1','【SCK】バッドマークSEMI作成ツール','株式会社ソフトサービス','SO000',66,'1',null,TIMESTAMP '2025-10-10 13:54:49.577')
  , ('ZAB202400100','1','PPE_ﾘｸﾞﾄﾞﾛｯﾌﾟ社_生産管理ｼｽﾃﾑ(導入)追加','株式会社ソフトサービス','SO000',72,'0',null,TIMESTAMP '2025-10-10 13:54:49.577')
  , ('ZAB202400101','1','敬老園PC入替','社会福祉法人　敬老園','SH000',3,'0',1,TIMESTAMP '2025-10-24 08:08:43.718')
  , ('ZAB202400104','1','DPCマクセルイズミ向け開発支援_2025年08月','株式会社電脳企画','DE000',1,'0',1,TIMESTAMP '2025-10-24 08:08:43.718')
  , ('ZAB202400109','1','【SCK】ﾊﾞｯﾄﾞﾏｰｸSEMI作成ﾂｰﾙ(2025年08月)','株式会社ソフトサービス','SO000',71,'0',null,TIMESTAMP '2025-10-10 13:54:49.577')
  , ('ZAB202400110','1','BSW_2025.08_要件定義ﾌｪｰｽﾞ支援作業','株式会社ソフトサービス','SO000',68,'0',null,TIMESTAMP '2025-10-10 13:54:49.577');

-- 仕掛情報テーブル
delete from t_wip_info;
insert into t_wip_info(fiscal_date,order_detail,order_rowno,cost_labor,cost_subcontract,cost,cost_other,modified_user,modified_date) values 
    ('202408','ZAB202300064','1',200366,0,0,0,null,TIMESTAMP '2025-10-10 13:54:49.589')
  , ('202408','ZAB202300095','1',64330,0,0,0,null,TIMESTAMP '2025-10-10 13:54:49.589')
  , ('202408','ZAB202300099','1',119248,0,0,0,null,TIMESTAMP '2025-10-10 13:54:49.589')
  , ('202411','ZAB202300109','1',20232,0,0,0,null,TIMESTAMP '2025-10-10 13:54:49.589')
  , ('202411','ZAB202300110','1',37354,0,0,0,null,TIMESTAMP '2025-10-10 13:54:49.589')
  , ('202411','ZAB202300112','1',4668,600000,0,0,null,TIMESTAMP '2025-10-10 13:54:49.589')
  , ('202411','ZAB202400014','1',655301,630000,0,0,null,TIMESTAMP '2025-10-10 13:54:49.589')
  , ('202411','ZAB202400026','1',98835,498265,0,0,null,TIMESTAMP '2025-10-10 13:54:49.589')
  , ('202411','ZAB202400027','1',0,79233,0,0,null,TIMESTAMP '2025-10-10 13:54:49.589')
  , ('202412','ZAB202300109','1',62308,0,0,0,null,TIMESTAMP '2025-10-10 13:54:49.589')
  , ('202412','ZAB202300110','1',40151,0,0,0,null,TIMESTAMP '2025-10-10 13:54:49.589')
  , ('202501','ZAB202300109','1',62308,0,0,0,null,TIMESTAMP '2025-10-10 13:54:49.589')
  , ('202501','ZAB202300110','1',40151,0,0,0,null,TIMESTAMP '2025-10-10 13:54:49.589')
  , ('202501','ZAB202400038','1',739096,2422582,0,0,null,TIMESTAMP '2025-10-10 13:54:49.589')
  , ('202501','ZAB202400039','1',77293,320000,0,0,null,TIMESTAMP '2025-10-10 13:54:49.589')
  , ('202501','ZAB202400040','1',30739,0,0,0,null,TIMESTAMP '2025-10-10 13:54:49.589')
  , ('202502','ZAB202300109','1',62308,0,0,0,null,TIMESTAMP '2025-10-10 13:54:49.589')
  , ('202502','ZAB202300110','1',40151,0,0,0,null,TIMESTAMP '2025-10-10 13:54:49.589')
  , ('202502','ZAB202400038','1',1352161,5369332,0,0,null,TIMESTAMP '2025-10-10 13:54:49.589')
  , ('202502','ZAB202400040','1',91326,0,0,0,null,TIMESTAMP '2025-10-10 13:54:49.589')
  , ('202502','ZAB202400053','1',0,368000,0,0,null,TIMESTAMP '2025-10-10 13:54:49.589')
  , ('202503','ZAB202400053','1',0,908000,0,0,null,TIMESTAMP '2025-10-10 13:54:49.589')
  , ('202504','ZAB202400072','1',58376,449474,0,0,null,TIMESTAMP '2025-10-10 13:54:49.589')
  , ('202505','ZAB202400067','1',264565,453786,220000,0,null,TIMESTAMP '2025-10-10 13:54:49.589')
  , ('202505','ZAB202400068','2',348114,2028578,0,0,null,TIMESTAMP '2025-10-10 13:54:49.589')
  , ('202506','ZAB202400067','1',554273,1055046,220000,0,null,TIMESTAMP '2025-10-10 13:54:49.589')
  , ('202506','ZAB202400085','1',21615,321876,0,0,null,TIMESTAMP '2025-10-10 13:54:49.589')
  , ('202507','ZAB202400085','1',186183,867331,0,0,null,TIMESTAMP '2025-10-10 13:54:49.589')
  , ('202507','ZAB202400089','1',248772,465525,0,0,null,TIMESTAMP '2025-10-10 13:54:49.589')
  , ('202507','ZAB202400092','1',8327,80265,0,0,null,TIMESTAMP '2025-10-10 13:54:49.589')
  , ('202508','ZAB202400041','1',213341,618000,0,0,1,TIMESTAMP '2025-10-23 17:01:22.969')
  , ('202508','ZAB202400085','1',643243,1326969,129724,0,1,TIMESTAMP '2025-10-23 17:01:22.969')
  , ('202508','ZAB202400092','1',319847,569233,0,0,1,TIMESTAMP '2025-10-23 17:01:22.969')
  , ('202508','ZAB202400101','1',0,0,0,109497,1,TIMESTAMP '2025-10-23 17:01:22.969');

delete from t_wip_project_info;
insert into t_wip_project_info(manage_id,row_no,div_cd,order_detail,project_nm,order_rowno,customer,cost_material,cost_labor,cost_subcontract,cost,modified_user,modified_date) values 
    ('11',0,'14000100','ZAB202400072','【基本設計】日向後工程自動化','1','旭化成エンジニアリング株式会社',0,58376,449474,0,null,TIMESTAMP '2025-10-10 13:54:49.600')
  , ('13',0,'14000100','ZAB202400067','【AE0179507】【ACS】検査包装実績ｼｽﾃﾑ構築','1','旭化成エンジニアリング株式会社',0,264565,453786,220000,null,TIMESTAMP '2025-10-10 13:54:49.600')
  , ('13',1,'14000100','ZAB202400068','PPE_ﾘｸﾞﾄﾞﾛｯﾌﾟ社_生産管理ｼｽﾃﾑ(導入ﾌｪｰｽﾞ)','2','株式会社ソフトサービス',0,348114,2028578,0,null,TIMESTAMP '2025-10-10 13:54:49.600')
  , ('16',0,'14000100','ZAB202400067','【AE0179507】【ACS】検査包装実績ｼｽﾃﾑ構築','1','旭化成エンジニアリング株式会社',0,554273,1055046,220000,null,TIMESTAMP '2025-10-10 13:54:49.600')
  , ('16',1,'14000100','ZAB202400085','【AE0180768】富士感光材_AP-21ｻｰﾊﾞoracle','1','旭化成エンジニアリング株式会社',0,21615,321876,0,null,TIMESTAMP '2025-10-10 13:54:49.600')
  , ('18',0,'14000100','ZAB202400085','【AE0180768】富士感光材_AP-21ｻｰﾊﾞoracle','1','旭化成エンジニアリング株式会社',0,186183,867331,0,null,TIMESTAMP '2025-10-10 13:54:49.600')
  , ('18',1,'14000100','ZAB202400089','【AE0181447】HP_MR物流改修要望対応','1','旭化成エンジニアリング株式会社',0,248772,465525,0,null,TIMESTAMP '2025-10-10 13:54:49.600')
  , ('18',2,'14000100','ZAB202400092','【AE0181749】HP_5DS後工程自動化_設計製作','1','旭化成エンジニアリング株式会社',0,8327,80265,0,null,TIMESTAMP '2025-10-10 13:54:49.600')
  , ('2',0,'14000100','ZAB202300109','【AE0176136】KJ様　ｼｽﾃﾑｻﾎﾟｰﾄ保守2024下期','1','旭化成エンジニアリング株式会社',0,20232,0,0,null,TIMESTAMP '2025-10-10 13:54:49.600')
  , ('2',1,'14000100','ZAB202300110','【AE0175942】AFP,ACSｼｽﾃﾑｻﾎﾟｰﾄ2024下期','1','旭化成エンジニアリング株式会社',0,37354,0,0,null,TIMESTAMP '2025-10-10 13:54:49.600')
  , ('2',2,'14000100','ZAB202300112','【AE0175992】HP 管理機能追加','1','旭化成エンジニアリング株式会社',0,4668,600000,0,null,TIMESTAMP '2025-10-10 13:54:49.600')
  , ('2',3,'14000100','ZAB202400026','ダイハツ　TVECS通信処理対応','1','株式会社クレオ',0,98835,498265,0,null,TIMESTAMP '2025-10-10 13:54:49.600')
  , ('2',4,'14000100','ZAB202400014','PPE_ﾘｸﾞﾄﾞﾛｯﾌﾟ社_生産管理ｼｽﾃﾑ(設計_後半)','1','株式会社ソフトサービス',0,655301,630000,0,null,TIMESTAMP '2025-10-10 13:54:49.600')
  , ('2',5,'14000100','ZAB202400027','PPE_ﾘｸﾞﾄﾞﾛｯﾌﾟ社_生産管理ｼｽﾃﾑ(開発_先行)','1','株式会社ソフトサービス',0,0,79233,0,null,TIMESTAMP '2025-10-10 13:54:49.600')
  , ('20',0,'14000100','ZAB202400085','【AE0180768】富士感光材_AP-21ｻｰﾊﾞoracle','1','旭化成エンジニアリング株式会社',0,643243,1326969,129724,null,TIMESTAMP '2025-10-10 13:54:49.600')
  , ('20',1,'14000100','ZAB202400092','【AE0181749】HP_5DS後工程自動化_設計製作','1','旭化成エンジニアリング株式会社',0,319847,569233,0,null,TIMESTAMP '2025-10-10 13:54:49.600')
  , ('20',2,'14000100','ZAB202400041','【AEC】MAL向けAPITs202508-09','1','旭化成エンジニアリング株式会社',0,213341,618000,0,null,TIMESTAMP '2025-10-10 13:54:49.600')
  , ('20',3,'14000100','ZAB202400101','敬老園PC入替','1','社会福祉法人　敬老園',109497,0,0,0,null,TIMESTAMP '2025-10-10 13:54:49.600')
  , ('21',0,'14000100','ZAB202400085','【AE0180768】富士感光材_AP-21ｻｰﾊﾞoracle','1','旭化成エンジニアリング株式会社',0,643243,1326969,129724,1,TIMESTAMP '2025-10-23 16:03:17.445')
  , ('21',1,'14000100','ZAB202400092','【AE0181749】HP_5DS後工程自動化_設計製作','1','旭化成エンジニアリング株式会社',0,319847,569233,0,1,TIMESTAMP '2025-10-23 16:03:17.445')
  , ('21',2,'14000100','ZAB202400041','【AEC】MAL向けAPITs202508-09','1','旭化成エンジニアリング株式会社',0,213341,618000,0,1,TIMESTAMP '2025-10-23 16:03:17.445')
  , ('21',3,'14000100','ZAB202400101','敬老園PC入替','1','社会福祉法人　敬老園',109497,0,0,0,1,TIMESTAMP '2025-10-23 16:03:17.445')
  , ('4',0,'14000100','ZAB202300109','【AE0176136】KJ様　ｼｽﾃﾑｻﾎﾟｰﾄ保守2024下期','1','旭化成エンジニアリング株式会社',0,62308,0,0,null,TIMESTAMP '2025-10-10 13:54:49.600')
  , ('4',1,'14000100','ZAB202300110','【AE0175942】AFP,ACSｼｽﾃﾑｻﾎﾟｰﾄ2024下期','1','旭化成エンジニアリング株式会社',0,40151,0,0,null,TIMESTAMP '2025-10-10 13:54:49.600')
  , ('5',0,'14000100','ZAB202300109','【AE0176136】KJ様　ｼｽﾃﾑｻﾎﾟｰﾄ保守2024下期','1','旭化成エンジニアリング株式会社',0,62308,0,0,null,TIMESTAMP '2025-10-10 13:54:49.600')
  , ('5',1,'14000100','ZAB202300110','【AE0175942】AFP,ACSｼｽﾃﾑｻﾎﾟｰﾄ2024下期','1','旭化成エンジニアリング株式会社',0,40151,0,0,null,TIMESTAMP '2025-10-10 13:54:49.600')
  , ('5',2,'14000100','ZAB202400039','【AE0177583】富士感光材AP21ｻｰﾊﾞoracle移','1','旭化成エンジニアリング株式会社',0,77293,320000,0,null,TIMESTAMP '2025-10-10 13:54:49.600')
  , ('5',3,'14000100','ZAB202400038','PPE_ﾘｸﾞﾄﾞﾛｯﾌﾟ社_生産管理ｼｽﾃﾑ(開発ﾌｪｰｽﾞ)','1','株式会社ソフトサービス',0,739096,2422582,0,null,TIMESTAMP '2025-10-10 13:54:49.600')
  , ('5',4,'14000100','ZAB202400040','【AEC】MAL向けAPITs202501-202503','1','旭化成エンジニアリング株式会社',0,30739,0,0,null,TIMESTAMP '2025-10-10 13:54:49.600')
  , ('7',0,'14000100','ZAB202300109','【AE0176136】KJ様　ｼｽﾃﾑｻﾎﾟｰﾄ保守2024下期','1','旭化成エンジニアリング株式会社',0,62308,0,0,null,TIMESTAMP '2025-10-10 13:54:49.600')
  , ('7',1,'14000100','ZAB202300110','【AE0175942】AFP,ACSｼｽﾃﾑｻﾎﾟｰﾄ2024下期','1','旭化成エンジニアリング株式会社',0,40151,0,0,null,TIMESTAMP '2025-10-10 13:54:49.600')
  , ('7',2,'14000100','ZAB202400038','PPE_ﾘｸﾞﾄﾞﾛｯﾌﾟ社_生産管理ｼｽﾃﾑ(開発ﾌｪｰｽﾞ)','1','株式会社ソフトサービス',0,1352161,5369332,0,null,TIMESTAMP '2025-10-10 13:54:49.600')
  , ('7',3,'14000100','ZAB202400040','【AEC】MAL向けAPITs202501-202503','1','旭化成エンジニアリング株式会社',0,91326,0,0,null,TIMESTAMP '2025-10-10 13:54:49.600')
  , ('7',4,'14000100','ZAB202400053','工場CIMアラート機能追加','1','旭化成エンジニアリング株式会社',0,0,368000,0,null,TIMESTAMP '2025-10-10 13:54:49.600')
  , ('9',0,'14000100','ZAB202400053','工場CIMアラート機能追加','1','旭化成エンジニアリング株式会社',0,0,908000,0,null,TIMESTAMP '2025-10-10 13:54:49.600');

delete from t_fg_project_info;
insert into t_fg_project_info(manage_id,row_no,div_cd,order_detail,order_rowno,project_nm,customer,cost_material,cost_labor,cost_subcontract,cost,sales,modified_user,modified_date) values 
    ('1',0,'14000100','ZAB202300017','1','間接プロジェクト（43期）','【社内処理】株式会社ｴｽｼｰｱｲ',0,47350,0,202715,0,null,TIMESTAMP '2025-10-10 13:54:49.617')
  , ('1',1,'14000100','ZAB202300095','2','【AE0174795】KJ様　ｻｰﾊﾞｰﾒﾝﾃﾅﾝｽ手順書作成','旭化成エンジニアリング株式会社',0,151080,0,0,0,null,TIMESTAMP '2025-10-10 13:54:49.617')
  , ('1',2,'14000100','ZAB202300099','1','【AE0174850】調合原材料天秤計量ｼｽﾃﾑ追加','旭化成エンジニアリング株式会社',0,886138,0,0,2277000,null,TIMESTAMP '2025-10-10 13:54:49.617')
  , ('1',3,'14000100','ZAB202400017','1','【AE0176431】建材ｺﾐｭﾆｹｰｼｮﾝｼｽﾃﾑ要望対応','旭化成エンジニアリング株式会社',0,0,540767,0,569250,null,TIMESTAMP '2025-10-10 13:54:49.617')
  , ('1',4,'14000100','ZAB202400021','1','ｶﾝﾉ_筑肥・西唐津線自動放送ｱﾌﾟﾘ改(202411)','株式会社ソフトサービス',0,183663,0,0,250000,null,TIMESTAMP '2025-10-10 13:54:49.617')
  , ('1',5,'14000100','ZAB202400015','1','PPE_徳島工場(ｲｵﾝ生産管理ｼｽﾃﾑ)2024年11月','株式会社ソフトサービス',0,542432,1399995,77754,2728000,null,TIMESTAMP '2025-10-10 13:54:49.617')
  , ('1',6,'14000100','ZAB202400016','1','PHC_自動培養装置 開発支援(2024年11月)','株式会社ソフトサービス',0,0,600000,0,892920,null,TIMESTAMP '2025-10-10 13:54:49.617')
  , ('1',7,'14000100','ZAB202400018','1','PPE_KSプロコン(カンザス)2024年11月','株式会社ソフトサービス',0,0,1121300,0,1419400,null,TIMESTAMP '2025-10-10 13:54:49.617')
  , ('1',8,'14000100','ZAB202400019','1','BSW_2024.11_要件定義ﾌｪｰｽﾞ支援作業','株式会社ソフトサービス',0,0,1160000,0,1550000,null,TIMESTAMP '2025-10-10 13:54:49.617')
  , ('1',9,'14000100','ZAB202400022','1','LSシステム　宇都宮（2024年11月）','株式会社ソフトサービス',0,652009,0,0,800000,null,TIMESTAMP '2025-10-10 13:54:49.617')
  , ('1',10,'14000100','ZAB202400020','1','システムクリエイト保守202412','株式会社システムクリエイト',0,0,0,0,75000,null,TIMESTAMP '2025-10-10 13:54:49.617')
  , ('1',11,'14000100','ZAB202400002','1','SSV作業 2024年11月','株式会社ソフトサービス',0,0,5773483,0,6898922,null,TIMESTAMP '2025-10-10 13:54:49.617')
  , ('10',0,'14000100','ZAB202400001','1','間接プロジェクト（44期）','【社内処理】株式会社ｴｽｼｰｱｲ',0,6209057,28755,257744,0,null,TIMESTAMP '2025-10-10 13:54:49.617')
  , ('10',1,'14000100','ZAB202300109','1','【AE0176136】KJ様　ｼｽﾃﾑｻﾎﾟｰﾄ保守2024下期','旭化成エンジニアリング株式会社',0,82464,0,0,84375,null,TIMESTAMP '2025-10-10 13:54:49.617')
  , ('10',2,'14000100','ZAB202300110','1','【AE0175942】AFP,ACSｼｽﾃﾑｻﾎﾟｰﾄ2024下期','旭化成エンジニアリング株式会社',0,40151,0,0,306563,null,TIMESTAMP '2025-10-10 13:54:49.617')
  , ('10',3,'14000100','ZAB202400065','1','【AE0179624】ハイポア保守ｻﾎﾟｰﾄ支援作業','旭化成エンジニアリング株式会社',0,0,52000,0,112500,null,TIMESTAMP '2025-10-10 13:54:49.617')
  , ('10',4,'14000100','ZAB202400040','1','【AEC】MAL向けAPITs202501-202503','旭化成エンジニアリング株式会社',0,108122,0,0,135000,null,TIMESTAMP '2025-10-10 13:54:49.617')
  , ('10',5,'14000100','ZAB202400058','1','ｶﾝﾉ_筑肥・西唐津線自動放送ｱﾌﾟﾘ改(202503)','株式会社ソフトサービス',0,452724,0,0,700000,null,TIMESTAMP '2025-10-10 13:54:49.617')
  , ('10',6,'14000100','ZAB202400069','1','BSW_2025.03_要件定義ﾌｪｰｽﾞ支援作業','株式会社ソフトサービス',0,0,0,0,789340,null,TIMESTAMP '2025-10-10 13:54:49.617')
  , ('10',7,'14000100','ZAB202400038','1','PPE_ﾘｸﾞﾄﾞﾛｯﾌﾟ社_生産管理ｼｽﾃﾑ(開発ﾌｪｰｽﾞ)','株式会社ソフトサービス',0,1985137,8376912,0,19922000,null,TIMESTAMP '2025-10-10 13:54:49.617')
  , ('10',8,'14000100','ZAB202400054','1','PHC_自動培養装置 開発支援(2025年3月)','株式会社ソフトサービス',0,0,600000,0,850400,null,TIMESTAMP '2025-10-10 13:54:49.617')
  , ('10',9,'14000100','ZAB202400055','1','PPE_徳島工場(ｲｵﾝ生産管理ｼｽﾃﾑ)2025年3月','株式会社ソフトサービス',0,693185,1382522,0,2542375,null,TIMESTAMP '2025-10-10 13:54:49.617')
  , ('10',10,'14000100','ZAB202400061','1','PPE_ﾘｸﾞﾄﾞﾛｯﾌﾟ社_生産管理ｼｽﾃﾑ(開発)追加','株式会社ソフトサービス',0,0,0,0,2222000,null,TIMESTAMP '2025-10-10 13:54:49.617')
  , ('10',11,'14000100','ZAB202400066','1','トークネット保守202504','株式会社トークネット',0,0,0,0,120000,null,TIMESTAMP '2025-10-10 13:54:49.617')
  , ('10',12,'14000100','ZAB202400006','1','SSV作業 2025年03月','株式会社ソフトサービス',0,0,6447979,0,6837687,null,TIMESTAMP '2025-10-10 13:54:49.617')
  , ('10',13,'14000200','ZAB202400056','1','PPE_KSプロコン(カンザス)2025年3月','株式会社ソフトサービス',0,478762,600000,0,1801275,null,TIMESTAMP '2025-10-10 13:54:49.617')
  , ('12',0,'14000100','ZAB202400001','1','間接プロジェクト（44期）','【社内処理】株式会社ｴｽｼｰｱｲ',0,-1657545,160526,246625,0,null,TIMESTAMP '2025-10-10 13:54:49.617')
  , ('12',1,'14000100','ZAB202300110','1','【AE0175942】AFP,ACSｼｽﾃﾑｻﾎﾟｰﾄ2024下期','旭化成エンジニアリング株式会社',0,59079,0,0,0,null,TIMESTAMP '2025-10-10 13:54:49.617')
  , ('12',2,'14000100','ZAB202400038','1','PPE_ﾘｸﾞﾄﾞﾛｯﾌﾟ社_生産管理ｼｽﾃﾑ(開発ﾌｪｰｽﾞ)','株式会社ソフトサービス',0,456041,2693219,0,0,null,TIMESTAMP '2025-10-10 13:54:49.617')
  , ('12',3,'14000100','ZAB202400053','1','工場CIMアラート機能追加','旭化成エンジニアリング株式会社',0,0,908000,0,1431000,null,TIMESTAMP '2025-10-10 13:54:49.617')
  , ('12',4,'14000100','ZAB202400059','1','ｶﾝﾉ_筑肥・西唐津線自動放送ｱﾌﾟﾘ改(202504)','株式会社ソフトサービス',0,407394,0,0,700000,null,TIMESTAMP '2025-10-10 13:54:49.617')
  , ('12',5,'14000100','ZAB202400076','1','BSW_2025.04_要件定義ﾌｪｰｽﾞ支援作業','株式会社ソフトサービス',0,0,0,0,800000,null,TIMESTAMP '2025-10-10 13:54:49.617')
  , ('12',6,'14000100','ZAB202400062','1','PPE_徳島工場(ｲｵﾝ生産管理ｼｽﾃﾑ)2025年4月','株式会社ソフトサービス',0,472851,1280000,0,4278750,null,TIMESTAMP '2025-10-10 13:54:49.617')
  , ('12',7,'14000100','ZAB202400063','1','PPE_KSプロコン(カンザス)2025年4月','株式会社ソフトサービス',0,375722,610000,0,1567050,null,TIMESTAMP '2025-10-10 13:54:49.617')
  , ('12',8,'14000100','ZAB202400064','1','PHC_自動培養装置 開発支援(2025年4月)','株式会社ソフトサービス',0,0,610000,0,853058,null,TIMESTAMP '2025-10-10 13:54:49.617')
  , ('12',9,'14000100','ZAB202400070','1','敬老園保守202505','社会福祉法人　敬老園',0,0,0,0,75000,null,TIMESTAMP '2025-10-10 13:54:49.617')
  , ('12',10,'14000100','ZAB202400007','1','SSV作業 2025年04月','株式会社ソフトサービス',0,0,6003707,0,6300444,null,TIMESTAMP '2025-10-10 13:54:49.617')
  , ('12',11,'14000100','ZAB202400068','1','PPE_ﾘｸﾞﾄﾞﾛｯﾌﾟ社_生産管理ｼｽﾃﾑ(導入ﾌｪｰｽﾞ)','株式会社ソフトサービス',0,346119,742920,0,0,null,TIMESTAMP '2025-10-10 13:54:49.617')
  , ('14',0,'14000100','ZAB202400001','1','間接プロジェクト（44期）','【社内処理】株式会社ｴｽｼｰｱｲ',0,540598,403200,271083,0,null,TIMESTAMP '2025-10-10 13:54:49.617')
  , ('14',1,'14000100','ZAB20240006A','1','PPE_ﾘｸﾞﾄﾞﾛｯﾌﾟ社_生産管理ｼｽﾃﾑ(導入ﾌｪｰｽﾞ)','株式会社ソフトサービス',0,0,66541,0,0,null,TIMESTAMP '2025-10-10 13:54:49.617')
  , ('14',2,'14000100','ZAB202400072','1','【AE0180194】基本設計_日向後工程自動化','旭化成エンジニアリング株式会社',0,98724,1059474,0,1035000,null,TIMESTAMP '2025-10-10 13:54:49.617')
  , ('14',3,'14000100','ZAB202400082','1','SSVカンノ向け開発支援 5月度','株式会社ソフトサービス',0,468060,0,0,700000,null,TIMESTAMP '2025-10-10 13:54:49.617')
  , ('14',4,'14000100','ZAB202400086','1','BSW_2025.05_要件定義ﾌｪｰｽﾞ支援作業','株式会社ソフトサービス',220000,0,0,0,1020000,null,TIMESTAMP '2025-10-10 13:54:49.617')
  , ('14',5,'14000100','ZAB202400073','1','PPE_徳島工場(ｲｵﾝ生産管理ｼｽﾃﾑ)2025年5月','株式会社ソフトサービス',0,455744,1278805,0,2915156,null,TIMESTAMP '2025-10-10 13:54:49.617')
  , ('14',6,'14000100','ZAB202400074','1','PPE_KSプロコン(カンザス)2025年5月','株式会社ソフトサービス',0,381893,610000,0,1242813,null,TIMESTAMP '2025-10-10 13:54:49.617')
  , ('14',7,'14000100','ZAB202400075','1','PHC_自動培養装置 開発支援(2025年5月)','株式会社ソフトサービス',0,0,610000,0,817181,null,TIMESTAMP '2025-10-10 13:54:49.617')
  , ('14',8,'14000100','ZAB202400077','1','使用不可','株式会社ソフトサービス',0,0,0,0,0,null,TIMESTAMP '2025-10-10 13:54:49.617')
  , ('14',9,'14000100','ZAB202400084','1','南九州マツダ保守202506','株式会社南九州マツダ',0,0,0,0,45000,null,TIMESTAMP '2025-10-10 13:54:49.617')
  , ('14',10,'14000100','ZAB202400008','1','SSV作業 2025年05月','株式会社ソフトサービス',0,0,6378872,0,6745382,null,TIMESTAMP '2025-10-10 13:54:49.617')
  , ('15',0,'14000100','ZAB202400001','1','間接プロジェクト（44期）','【社内処理】株式会社ｴｽｼｰｱｲ',0,1664610,812985,348376,0,null,TIMESTAMP '2025-10-10 13:54:49.617')
  , ('15',1,'14000100','ZAB202400083','1','SSVカンノ向け開発支援 6月度','株式会社ソフトサービス',0,396097,0,0,700000,null,TIMESTAMP '2025-10-10 13:54:49.617')
  , ('15',2,'14000100','ZAB202400090','1','BSW_2025.06_要件定義ﾌｪｰｽﾞ支援作業','株式会社ソフトサービス',0,0,0,0,800000,null,TIMESTAMP '2025-10-10 13:54:49.617')
  , ('15',3,'14000100','ZAB202400068','2','PPE_ﾘｸﾞﾄﾞﾛｯﾌﾟ社_生産管理ｼｽﾃﾑ(導入ﾌｪｰｽﾞ)','株式会社ソフトサービス',0,544572,2028578,0,2795750,null,TIMESTAMP '2025-10-10 13:54:49.617')
  , ('15',4,'14000100','ZAB202400079','1','PPE_徳島工場(ｲｵﾝ生産管理ｼｽﾃﾑ)2025年6月','株式会社ソフトサービス',0,509777,1396480,0,2791406,null,TIMESTAMP '2025-10-10 13:54:49.617')
  , ('15',5,'14000100','ZAB202400080','1','PPE_KSプロコン(カンザス)2025年6月','株式会社ソフトサービス',0,382746,610000,0,1644150,null,TIMESTAMP '2025-10-10 13:54:49.617')
  , ('15',6,'14000100','ZAB202400081','1','PHC_自動培養装置 開発支援(2025年6月)','株式会社ソフトサービス',0,0,610000,0,829140,null,TIMESTAMP '2025-10-10 13:54:49.617')
  , ('15',7,'14000100','ZAB202400009','1','SSV作業 2025年06月','株式会社ソフトサービス',0,0,5997127,0,6302960,null,TIMESTAMP '2025-10-10 13:54:49.617')
  , ('17',0,'14000100','ZAB202300089','1','翻訳センター保守202408','株式会社　翻訳センター',0,1386,0,0,0,null,TIMESTAMP '2025-10-10 13:54:49.617')
  , ('17',1,'14000100','ZAB202400001','1','間接プロジェクト（44期）','【社内処理】株式会社ｴｽｼｰｱｲ',0,2327256,64210,799101,0,null,TIMESTAMP '2025-10-10 13:54:49.617')
  , ('17',2,'14000100','ZAB202400093','1','翻訳センター保守202508','株式会社　翻訳センター',0,0,0,0,96000,null,TIMESTAMP '2025-10-10 13:54:49.617')
  , ('17',3,'14000100','ZAB202400067','1','【AE0179507】【ACS】検査包装実績ｼｽﾃﾑ構築','旭化成エンジニアリング株式会社',0,765987,1573331,220000,3510000,null,TIMESTAMP '2025-10-10 13:54:49.617')
  , ('17',4,'14000100','ZAB202400078','1','【AE0180481】【ACS】システム総合メニュー','旭化成エンジニアリング株式会社',0,0,0,0,2457000,null,TIMESTAMP '2025-10-10 13:54:49.617')
  , ('17',5,'14000100','ZAB202400096','1','SSVカンノ向け開発支援 7月度','株式会社ソフトサービス',0,465113,0,0,700000,null,TIMESTAMP '2025-10-10 13:54:49.617')
  , ('17',6,'14000100','ZAB202400098','1','BSW_2025.07_要件定義ﾌｪｰｽﾞ支援作業','株式会社ソフトサービス',0,0,0,0,800000,null,TIMESTAMP '2025-10-10 13:54:49.617')
  , ('17',7,'14000100','ZAB202400087','1','PPE_徳島工場(ｲｵﾝ生産管理ｼｽﾃﾑ)2025年7月','株式会社ソフトサービス',0,426065,1725430,0,4501406,null,TIMESTAMP '2025-10-10 13:54:49.617')
  , ('17',8,'14000100','ZAB202400088','1','PPE_KSプロコン(カンザス)2025年7月','株式会社ソフトサービス',0,478856,610000,0,1639300,null,TIMESTAMP '2025-10-10 13:54:49.617')
  , ('17',9,'14000100','ZAB202400097','1','【AEC】MAL向けAPITs202507','株式会社ソフトサービス',0,0,727000,0,1137500,null,TIMESTAMP '2025-10-10 13:54:49.617')
  , ('17',10,'14000100','ZAB202400099','1','【SCK】バッドマークSEMI作成ツール','株式会社ソフトサービス',0,0,0,0,748000,null,TIMESTAMP '2025-10-10 13:54:49.617')
  , ('17',11,'14000100','ZAB202400010','1','SSV作業 2025年07月','株式会社ソフトサービス',0,0,5840288,0,5289767,null,TIMESTAMP '2025-10-10 13:54:49.617')
  , ('17',12,'14000100','ZAB202400068','2','PPE_ﾘｸﾞﾄﾞﾛｯﾌﾟ社_生産管理ｼｽﾃﾑ(導入ﾌｪｰｽﾞ)','株式会社ソフトサービス',0,227074,2196198,0,0,null,TIMESTAMP '2025-10-10 13:54:49.617')
  , ('19',0,'14000100','ZAB202400001','1','間接プロジェクト（44期）','【社内処理】株式会社ｴｽｼｰｱｲ',0,1204613,0,334381,0,null,TIMESTAMP '2025-10-10 13:54:49.617')
  , ('19',1,'14000100','ZAB202400093','1','翻訳センター保守202508','株式会社　翻訳センター',0,4968,0,1991,0,null,TIMESTAMP '2025-10-10 13:54:49.617')
  , ('19',2,'14000100','ZAB202400067','1','【AE0179507】【ACS】検査包装実績ｼｽﾃﾑ構築','旭化成エンジニアリング株式会社',0,86163,162992,0,0,null,TIMESTAMP '2025-10-10 13:54:49.617')
  , ('19',3,'14000100','ZAB202400089','1','【AE0181447】HP_MR物流改修要望対応','旭化成エンジニアリング株式会社',0,413230,701365,0,1759000,null,TIMESTAMP '2025-10-10 13:54:49.617')
  , ('19',4,'14000100','ZAB202400110','1','BSW_2025.08_要件定義ﾌｪｰｽﾞ支援作業','株式会社ソフトサービス',0,0,0,0,800000,null,TIMESTAMP '2025-10-10 13:54:49.617')
  , ('19',5,'14000100','ZAB202400094','1','PPE_徳島工場(ｲｵﾝ生産管理ｼｽﾃﾑ)2025年8月','株式会社ソフトサービス',0,851646,1782310,0,2562188,null,TIMESTAMP '2025-10-10 13:54:49.617')
  , ('19',6,'14000100','ZAB202400095','1','PPE_KSプロコン(カンザス)2025年8月','株式会社ソフトサービス',0,377386,505600,0,1188250,null,TIMESTAMP '2025-10-10 13:54:49.617')
  , ('19',7,'14000100','ZAB202400109','1','【SCK】ﾊﾞｯﾄﾞﾏｰｸSEMI作成ﾂｰﾙ(2025年08月)','株式会社ソフトサービス',0,0,0,0,673200,null,TIMESTAMP '2025-10-10 13:54:49.617')
  , ('19',8,'14000100','ZAB202400100','1','PPE_ﾘｸﾞﾄﾞﾛｯﾌﾟ社_生産管理ｼｽﾃﾑ(導入)追加','株式会社ソフトサービス',0,0,0,0,2371500,null,TIMESTAMP '2025-10-10 13:54:49.617')
  , ('19',9,'14000100','ZAB202400104','1','DPCマクセルイズミ向け開発支援_2025年08月','株式会社電脳企画',0,188899,0,0,700000,null,TIMESTAMP '2025-10-10 13:54:49.617')
  , ('19',10,'14000100','ZAB202400011','1','SSV作業 2025年08月','株式会社ソフトサービス',0,0,5636403,0,5067834,null,TIMESTAMP '2025-10-10 13:54:49.617')
  , ('22',0,'14000100','ZAB202400001','1','間接プロジェクト（44期）','【社内処理】株式会社ｴｽｼｰｱｲ',0,1204613,0,334381,0,1,TIMESTAMP '2025-10-23 16:03:17.597')
  , ('22',1,'14000100','ZAB202400093','1','翻訳センター保守202508','株式会社　翻訳センター',0,4968,0,1991,0,1,TIMESTAMP '2025-10-23 16:03:17.597')
  , ('22',2,'14000100','ZAB202400067','1','【AE0179507】【ACS】検査包装実績ｼｽﾃﾑ構築','旭化成エンジニアリング株式会社',0,86163,162992,0,0,1,TIMESTAMP '2025-10-23 16:03:17.597')
  , ('22',3,'14000100','ZAB202400089','1','【AE0181447】HP_MR物流改修要望対応','旭化成エンジニアリング株式会社',0,413230,701365,0,1759000,1,TIMESTAMP '2025-10-23 16:03:17.597')
  , ('22',4,'14000100','ZAB202400110','1','BSW_2025.08_要件定義ﾌｪｰｽﾞ支援作業','株式会社ソフトサービス',0,0,0,0,800000,1,TIMESTAMP '2025-10-23 16:03:17.597')
  , ('22',5,'14000100','ZAB202400094','1','PPE_徳島工場(ｲｵﾝ生産管理ｼｽﾃﾑ)2025年8月','株式会社ソフトサービス',0,851646,1782310,0,2562188,1,TIMESTAMP '2025-10-23 16:03:17.597')
  , ('22',6,'14000100','ZAB202400095','1','PPE_KSプロコン(カンザス)2025年8月','株式会社ソフトサービス',0,377386,505600,0,1188250,1,TIMESTAMP '2025-10-23 16:03:17.597')
  , ('22',7,'14000100','ZAB202400109','1','【SCK】ﾊﾞｯﾄﾞﾏｰｸSEMI作成ﾂｰﾙ(2025年08月)','株式会社ソフトサービス',0,0,0,0,673200,1,TIMESTAMP '2025-10-23 16:03:17.597')
  , ('22',8,'14000100','ZAB202400100','1','PPE_ﾘｸﾞﾄﾞﾛｯﾌﾟ社_生産管理ｼｽﾃﾑ(導入)追加','株式会社ソフトサービス',0,0,0,0,2371500,1,TIMESTAMP '2025-10-23 16:03:17.597')
  , ('22',9,'14000100','ZAB202400104','1','DPCマクセルイズミ向け開発支援_2025年08月','株式会社電脳企画',0,188899,0,0,700000,1,TIMESTAMP '2025-10-23 16:03:17.597')
  , ('22',10,'14000100','ZAB202400011','1','SSV作業 2025年08月','株式会社ソフトサービス',0,0,5636403,0,5067834,1,TIMESTAMP '2025-10-23 16:03:17.597')
  , ('3',0,'14000100','ZAB202300017','1','間接プロジェクト（43期）','【社内処理】株式会社ｴｽｼｰｱｲ',0,-500000,0,0,0,null,TIMESTAMP '2025-10-10 13:54:49.617')
  , ('3',1,'14000100','ZAB202400001','1','間接プロジェクト（44期）','【社内処理】株式会社ｴｽｼｰｱｲ',0,348501,62633,265018,0,null,TIMESTAMP '2025-10-10 13:54:49.617')
  , ('3',2,'14000100','ZAB202400032','1','JRCS保守202412','JRCS 株式会社',0,0,0,0,120000,null,TIMESTAMP '2025-10-10 13:54:49.617')
  , ('3',3,'14000100','ZAB202300112','1','【AE0175992】HP 管理機能追加','旭化成エンジニアリング株式会社',0,4668,952000,0,945000,null,TIMESTAMP '2025-10-10 13:54:49.617')
  , ('3',4,'14000100','ZAB202400026','1','ダイハツ　TVECS通信処理対応','株式会社クレオ',0,122624,498265,0,540000,null,TIMESTAMP '2025-10-10 13:54:49.617')
  , ('3',5,'14000100','ZAB202400014','1','PPE_ﾘｸﾞﾄﾞﾛｯﾌﾟ社_生産管理ｼｽﾃﾑ(設計_後半)','株式会社ソフトサービス',0,1358462,1260000,0,6000000,null,TIMESTAMP '2025-10-10 13:54:49.617')
  , ('3',6,'14000100','ZAB202400034','1','BSW_2024.12_要件定義ﾌｪｰｽﾞ支援作業','株式会社ソフトサービス',0,0,1137811,0,1550000,null,TIMESTAMP '2025-10-10 13:54:49.617')
  , ('3',7,'14000100','ZAB202400023','1','LSシステム　宇都宮（2024年12月）','株式会社ソフトサービス',0,452589,0,0,800000,null,TIMESTAMP '2025-10-10 13:54:49.617')
  , ('3',8,'14000100','ZAB202400027','1','PPE_ﾘｸﾞﾄﾞﾛｯﾌﾟ社_生産管理ｼｽﾃﾑ(開発_先行)','株式会社ソフトサービス',0,0,855246,0,1096000,null,TIMESTAMP '2025-10-10 13:54:49.617')
  , ('3',9,'14000100','ZAB202400028','1','PPE_徳島工場(ｲｵﾝ生産管理ｼｽﾃﾑ)2024年12月','株式会社ソフトサービス',0,413216,1277270,0,2994750,null,TIMESTAMP '2025-10-10 13:54:49.617')
  , ('3',10,'14000100','ZAB202400029','1','PPE_KSプロコン(カンザス)2024年12月','株式会社ソフトサービス',0,512905,691904,0,1836525,null,TIMESTAMP '2025-10-10 13:54:49.617')
  , ('3',11,'14000100','ZAB202400030','1','PHC_自動培養装置 開発支援(2024年12月)','株式会社ソフトサービス',0,0,596250,0,814524,null,TIMESTAMP '2025-10-10 13:54:49.617')
  , ('3',12,'14000100','ZAB202400003','1','SSV作業 2024年12月','株式会社ソフトサービス',0,0,5702888,0,6815478,null,TIMESTAMP '2025-10-10 13:54:49.617')
  , ('3',13,'14000100','ZAB202400033','1','ｶﾝﾉ_筑肥・西唐津線自動放送ｱﾌﾟﾘ改(202412)','株式会社ソフトサービス',0,14692,0,0,0,null,TIMESTAMP '2025-10-10 13:54:49.617')
  , ('6',0,'14000100','ZAB202400001','1','間接プロジェクト（44期）','【社内処理】株式会社ｴｽｼｰｱｲ',0,1419899,352223,259116,0,null,TIMESTAMP '2025-10-10 13:54:49.617')
  , ('6',1,'14000100','ZAB202400026','1','ダイハツ　TVECS通信処理対応','株式会社クレオ',0,59725,0,39505,0,null,TIMESTAMP '2025-10-10 13:54:49.617')
  , ('6',2,'14000100','ZAB202400051','1','ダイハツ　TVECS SUCS法規対応_1月','株式会社クレオ',0,0,0,0,860625,null,TIMESTAMP '2025-10-10 13:54:49.617')
  , ('6',3,'14000100','ZAB202400049','1','BSW_2025.01_要件定義ﾌｪｰｽﾞ支援作業','株式会社ソフトサービス',0,0,0,0,839593,null,TIMESTAMP '2025-10-10 13:54:49.617')
  , ('6',4,'14000100','ZAB202400024','1','LSシステム　宇都宮（2025年01月）','株式会社ソフトサービス',0,501824,0,0,800000,null,TIMESTAMP '2025-10-10 13:54:49.617')
  , ('6',5,'14000100','ZAB202400035','1','PPE_KSプロコン(カンザス)2025年1月','株式会社ソフトサービス',0,528762,600000,0,1687021,null,TIMESTAMP '2025-10-10 13:54:49.617')
  , ('6',6,'14000100','ZAB202400036','1','PHC_自動培養装置 開発支援(2025年1月)','株式会社ソフトサービス',0,0,600000,0,802565,null,TIMESTAMP '2025-10-10 13:54:49.617')
  , ('6',7,'14000100','ZAB202400037','1','PPE_徳島工場(ｲｵﾝ生産管理ｼｽﾃﾑ)2025年1月','株式会社ソフトサービス',0,542931,576000,1282,1834250,null,TIMESTAMP '2025-10-10 13:54:49.617')
  , ('6',8,'14000100','ZAB202400004','1','SSV作業 2025年01月','株式会社ソフトサービス',0,0,6468420,0,6797207,null,TIMESTAMP '2025-10-10 13:54:49.617')
  , ('6',9,'14000200','ZAB202400043','1','化研マテリアル保守202502','化研マテリアル株式会社',0,0,0,0,45000,null,TIMESTAMP '2025-10-10 13:54:49.617')
  , ('8',0,'14000100','ZAB202400001','1','間接プロジェクト（44期）','【社内処理】株式会社ｴｽｼｰｱｲ',0,855004,134000,331338,0,null,TIMESTAMP '2025-10-10 13:54:49.617')
  , ('8',1,'14000100','ZAB202400039','1','【AE0177583】富士感光材AP21ｻｰﾊﾞoracle移','旭化成エンジニアリング株式会社',0,92964,320000,0,1237500,null,TIMESTAMP '2025-10-10 13:54:49.617')
  , ('8',2,'14000100','ZAB202400047','1','【AE0178137】ﾊｲﾎﾟｱ保守ｻﾎﾟｰﾄ支援202502','旭化成エンジニアリング株式会社',0,0,26000,0,450000,null,TIMESTAMP '2025-10-10 13:54:49.617')
  , ('8',3,'14000100','ZAB202400048','1','【AE0178171】ACT基幹ｼｽﾃﾑ年間保守対応2月','旭化成エンジニアリング株式会社',0,174499,0,0,303750,null,TIMESTAMP '2025-10-10 13:54:49.617')
  , ('8',4,'14000100','ZAB202400057','1','ｶﾝﾉ_筑肥・西唐津線自動放送ｱﾌﾟﾘ改(202502)','株式会社ソフトサービス',0,217316,0,0,311000,null,TIMESTAMP '2025-10-10 13:54:49.617')
  , ('8',5,'14000100','ZAB202400060','1','BSW_2025.01_要件定義ﾌｪｰｽﾞ支援作業','株式会社ソフトサービス',0,0,0,0,782678,null,TIMESTAMP '2025-10-10 13:54:49.617')
  , ('8',6,'14000100','ZAB202400025','1','LSシステム　宇都宮（2025年02月）','株式会社ソフトサービス',0,206005,0,0,400000,null,TIMESTAMP '2025-10-10 13:54:49.617')
  , ('8',7,'14000100','ZAB202400044','1','PPE_KSプロコン(カンザス)2025年2月','株式会社ソフトサービス',0,582474,623310,0,1249025,null,TIMESTAMP '2025-10-10 13:54:49.617')
  , ('8',8,'14000100','ZAB202400045','1','PPE_徳島工場(ｲｵﾝ生産管理ｼｽﾃﾑ)2025年2月','株式会社ソフトサービス',0,633606,587000,0,1516532,null,TIMESTAMP '2025-10-10 13:54:49.617')
  , ('8',9,'14000100','ZAB202400046','1','PHC_自動培養装置 開発支援(2025年2月)','株式会社ソフトサービス',0,0,600000,0,732141,null,TIMESTAMP '2025-10-10 13:54:49.617')
  , ('8',10,'14000100','ZAB202400050','1','システムケイ向けWeb解析業務','株式会社ソフトサービス',0,167065,0,0,1160000,null,TIMESTAMP '2025-10-10 13:54:49.617')
  , ('8',11,'14000100','ZAB202400052','1','小山保守202503','小山株式会社',0,0,0,0,120000,null,TIMESTAMP '2025-10-10 13:54:49.617')
  , ('8',12,'14000100','ZAB202400005','1','SSV作業 2025年02月','株式会社ソフトサービス',0,0,6400597,0,6775755,null,TIMESTAMP '2025-10-10 13:54:49.617');

delete from t_merge_target;
insert into t_merge_target(fiscal_date,version,fg_id,wip_id,modified_user,modified_date) values 
    ('202411','0','1','2',null,TIMESTAMP '2025-10-10 13:54:49.627')
  , ('202412','0','3','4',null,TIMESTAMP '2025-10-10 13:54:49.627')
  , ('202501','0','6','5',null,TIMESTAMP '2025-10-10 13:54:49.627')
  , ('202502','0','8','7',null,TIMESTAMP '2025-10-10 13:54:49.627')
  , ('202503','0','10','9',null,TIMESTAMP '2025-10-10 13:54:49.627')
  , ('202504','0','12','11',null,TIMESTAMP '2025-10-10 13:54:49.627')
  , ('202505','0','14','13',null,TIMESTAMP '2025-10-10 13:54:49.627')
  , ('202506','0','15','16',null,TIMESTAMP '2025-10-10 13:54:49.627')
  , ('202507','0','17','18',null,TIMESTAMP '2025-10-10 13:54:49.627')
  , ('202508','0','19','20',null,TIMESTAMP '2025-10-10 13:54:49.627')
  , ('202508','1','22','21',1,TIMESTAMP '2025-10-23 17:01:22.969');

delete from t_merge_result;
insert into t_merge_result(fiscal_date,version,order_detail,order_rowno,fg_id,wip_id,cost_labor,cost_subcontract,cost,cost_other,change_value,product_div,modified_user,modified_date) values 
    ('202411','0','ZAB202300017','1','1',null,47350,0,202715,0,null,'1',null,TIMESTAMP '2025-10-10 13:54:49.638')
  , ('202411','0','ZAB202300095','2','1',null,151080,0,0,0,null,'1',null,TIMESTAMP '2025-10-10 13:54:49.638')
  , ('202411','0','ZAB202300099','1','1',null,886138,0,0,0,null,'1',null,TIMESTAMP '2025-10-10 13:54:49.638')
  , ('202411','0','ZAB202300109','1',null,'2',20232,0,0,0,20232,'2',null,TIMESTAMP '2025-10-10 13:54:49.638')
  , ('202411','0','ZAB202300110','1',null,'2',37354,0,0,0,37354,'2',null,TIMESTAMP '2025-10-10 13:54:49.638')
  , ('202411','0','ZAB202300112','1',null,'2',4668,600000,0,0,604668,'2',null,TIMESTAMP '2025-10-10 13:54:49.638')
  , ('202411','0','ZAB202400002','1','1',null,0,5773483,0,0,null,'1',null,TIMESTAMP '2025-10-10 13:54:49.638')
  , ('202411','0','ZAB202400014','1',null,'2',655301,630000,0,0,1285301,'2',null,TIMESTAMP '2025-10-10 13:54:49.638')
  , ('202411','0','ZAB202400015','1','1',null,542432,1399995,77754,0,null,'1',null,TIMESTAMP '2025-10-10 13:54:49.638')
  , ('202411','0','ZAB202400016','1','1',null,0,600000,0,0,null,'1',null,TIMESTAMP '2025-10-10 13:54:49.638')
  , ('202411','0','ZAB202400017','1','1',null,0,540767,0,0,null,'1',null,TIMESTAMP '2025-10-10 13:54:49.638')
  , ('202411','0','ZAB202400018','1','1',null,0,1121300,0,0,null,'1',null,TIMESTAMP '2025-10-10 13:54:49.638')
  , ('202411','0','ZAB202400019','1','1',null,0,1160000,0,0,null,'1',null,TIMESTAMP '2025-10-10 13:54:49.638')
  , ('202411','0','ZAB202400020','1','1',null,0,0,0,0,null,'1',null,TIMESTAMP '2025-10-10 13:54:49.638')
  , ('202411','0','ZAB202400021','1','1',null,183663,0,0,0,null,'1',null,TIMESTAMP '2025-10-10 13:54:49.638')
  , ('202411','0','ZAB202400022','1','1',null,652009,0,0,0,null,'1',null,TIMESTAMP '2025-10-10 13:54:49.638')
  , ('202411','0','ZAB202400026','1',null,'2',98835,498265,0,0,597100,'2',null,TIMESTAMP '2025-10-10 13:54:49.638')
  , ('202411','0','ZAB202400027','1',null,'2',0,79233,0,0,79233,'2',null,TIMESTAMP '2025-10-10 13:54:49.638')
  , ('202412','0','ZAB202300017','1','3',null,-500000,0,0,0,null,'1',null,TIMESTAMP '2025-10-10 13:54:49.638')
  , ('202412','0','ZAB202300109','1',null,'4',42076,0,0,0,62308,'2',null,TIMESTAMP '2025-10-10 13:54:49.638')
  , ('202412','0','ZAB202300110','1',null,'4',2797,0,0,0,40151,'2',null,TIMESTAMP '2025-10-10 13:54:49.638')
  , ('202412','0','ZAB202300112','1','3',null,0,352000,0,0,null,'1',null,TIMESTAMP '2025-10-10 13:54:49.638')
  , ('202412','0','ZAB202400001','1','3',null,348501,62633,265018,0,null,'1',null,TIMESTAMP '2025-10-10 13:54:49.638')
  , ('202412','0','ZAB202400003','1','3',null,0,5702888,0,0,null,'1',null,TIMESTAMP '2025-10-10 13:54:49.638')
  , ('202412','0','ZAB202400014','1','3',null,703161,630000,0,0,null,'1',null,TIMESTAMP '2025-10-10 13:54:49.638')
  , ('202412','0','ZAB202400023','1','3',null,452589,0,0,0,null,'1',null,TIMESTAMP '2025-10-10 13:54:49.638')
  , ('202412','0','ZAB202400026','1','3',null,23789,0,0,0,null,'1',null,TIMESTAMP '2025-10-10 13:54:49.638')
  , ('202412','0','ZAB202400027','1','3',null,0,776013,0,0,null,'1',null,TIMESTAMP '2025-10-10 13:54:49.638')
  , ('202412','0','ZAB202400028','1','3',null,413216,1277270,0,0,null,'1',null,TIMESTAMP '2025-10-10 13:54:49.638')
  , ('202412','0','ZAB202400029','1','3',null,512905,691904,0,0,null,'1',null,TIMESTAMP '2025-10-10 13:54:49.638')
  , ('202412','0','ZAB202400030','1','3',null,0,596250,0,0,null,'1',null,TIMESTAMP '2025-10-10 13:54:49.638')
  , ('202412','0','ZAB202400032','1','3',null,0,0,0,0,null,'1',null,TIMESTAMP '2025-10-10 13:54:49.638')
  , ('202412','0','ZAB202400033','1','3',null,14692,0,0,0,null,'1',null,TIMESTAMP '2025-10-10 13:54:49.638')
  , ('202412','0','ZAB202400034','1','3',null,0,1137811,0,0,null,'1',null,TIMESTAMP '2025-10-10 13:54:49.638')
  , ('202501','0','ZAB202300109','1',null,'5',0,0,0,0,62308,'2',null,TIMESTAMP '2025-10-10 13:54:49.638')
  , ('202501','0','ZAB202300110','1',null,'5',0,0,0,0,40151,'2',null,TIMESTAMP '2025-10-10 13:54:49.638')
  , ('202501','0','ZAB202400001','1','6',null,1419899,352223,259116,0,null,'1',null,TIMESTAMP '2025-10-10 13:54:49.638')
  , ('202501','0','ZAB202400004','1','6',null,0,6468420,0,0,null,'1',null,TIMESTAMP '2025-10-10 13:54:49.638')
  , ('202501','0','ZAB202400024','1','6',null,501824,0,0,0,null,'1',null,TIMESTAMP '2025-10-10 13:54:49.638')
  , ('202501','0','ZAB202400026','1','6',null,59725,0,39505,0,null,'1',null,TIMESTAMP '2025-10-10 13:54:49.638')
  , ('202501','0','ZAB202400035','1','6',null,528762,600000,0,0,null,'1',null,TIMESTAMP '2025-10-10 13:54:49.638')
  , ('202501','0','ZAB202400036','1','6',null,0,600000,0,0,null,'1',null,TIMESTAMP '2025-10-10 13:54:49.638')
  , ('202501','0','ZAB202400037','1','6',null,542931,576000,1282,0,null,'1',null,TIMESTAMP '2025-10-10 13:54:49.638')
  , ('202501','0','ZAB202400038','1',null,'5',739096,2422582,0,0,3161678,'2',null,TIMESTAMP '2025-10-10 13:54:49.638')
  , ('202501','0','ZAB202400039','1',null,'5',77293,320000,0,0,397293,'2',null,TIMESTAMP '2025-10-10 13:54:49.638')
  , ('202501','0','ZAB202400040','1',null,'5',30739,0,0,0,30739,'2',null,TIMESTAMP '2025-10-10 13:54:49.638')
  , ('202501','0','ZAB202400043','1','6',null,0,0,0,0,null,'1',null,TIMESTAMP '2025-10-10 13:54:49.638')
  , ('202501','0','ZAB202400049','1','6',null,0,0,0,0,null,'1',null,TIMESTAMP '2025-10-10 13:54:49.638')
  , ('202501','0','ZAB202400051','1','6',null,0,0,0,0,null,'1',null,TIMESTAMP '2025-10-10 13:54:49.638')
  , ('202502','0','ZAB202300109','1',null,'7',0,0,0,0,62308,'2',null,TIMESTAMP '2025-10-10 13:54:49.638')
  , ('202502','0','ZAB202300110','1',null,'7',0,0,0,0,40151,'2',null,TIMESTAMP '2025-10-10 13:54:49.638')
  , ('202502','0','ZAB202400001','1','8',null,855004,134000,331338,0,null,'1',null,TIMESTAMP '2025-10-10 13:54:49.638')
  , ('202502','0','ZAB202400005','1','8',null,0,6400597,0,0,null,'1',null,TIMESTAMP '2025-10-10 13:54:49.638')
  , ('202502','0','ZAB202400025','1','8',null,206005,0,0,0,null,'1',null,TIMESTAMP '2025-10-10 13:54:49.638')
  , ('202502','0','ZAB202400038','1',null,'7',613065,2946750,0,0,6721493,'2',null,TIMESTAMP '2025-10-10 13:54:49.638')
  , ('202502','0','ZAB202400039','1','8',null,15671,0,0,0,null,'1',null,TIMESTAMP '2025-10-10 13:54:49.638')
  , ('202502','0','ZAB202400040','1',null,'7',60587,0,0,0,91326,'2',null,TIMESTAMP '2025-10-10 13:54:49.638')
  , ('202502','0','ZAB202400044','1','8',null,582474,623310,0,0,null,'1',null,TIMESTAMP '2025-10-10 13:54:49.638')
  , ('202502','0','ZAB202400045','1','8',null,633606,587000,0,0,null,'1',null,TIMESTAMP '2025-10-10 13:54:49.638')
  , ('202502','0','ZAB202400046','1','8',null,0,600000,0,0,null,'1',null,TIMESTAMP '2025-10-10 13:54:49.638')
  , ('202502','0','ZAB202400047','1','8',null,0,26000,0,0,null,'1',null,TIMESTAMP '2025-10-10 13:54:49.638')
  , ('202502','0','ZAB202400048','1','8',null,174499,0,0,0,null,'1',null,TIMESTAMP '2025-10-10 13:54:49.638')
  , ('202502','0','ZAB202400050','1','8',null,167065,0,0,0,null,'1',null,TIMESTAMP '2025-10-10 13:54:49.638')
  , ('202502','0','ZAB202400052','1','8',null,0,0,0,0,null,'1',null,TIMESTAMP '2025-10-10 13:54:49.638')
  , ('202502','0','ZAB202400053','1',null,'7',0,368000,0,0,368000,'2',null,TIMESTAMP '2025-10-10 13:54:49.638')
  , ('202502','0','ZAB202400057','1','8',null,217316,0,0,0,null,'1',null,TIMESTAMP '2025-10-10 13:54:49.638')
  , ('202502','0','ZAB202400060','1','8',null,0,0,0,0,null,'1',null,TIMESTAMP '2025-10-10 13:54:49.638')
  , ('202503','0','ZAB202300109','1','10',null,20156,0,0,0,null,'1',null,TIMESTAMP '2025-10-10 13:54:49.638')
  , ('202503','0','ZAB202300110','1','10',null,0,0,0,0,null,'1',null,TIMESTAMP '2025-10-10 13:54:49.638')
  , ('202503','0','ZAB202400001','1','10',null,6209057,28755,257744,0,null,'1',null,TIMESTAMP '2025-10-10 13:54:49.638')
  , ('202503','0','ZAB202400006','1','10',null,0,6447979,0,0,null,'1',null,TIMESTAMP '2025-10-10 13:54:49.638')
  , ('202503','0','ZAB202400038','1','10',null,632976,3007580,0,0,null,'1',null,TIMESTAMP '2025-10-10 13:54:49.638')
  , ('202503','0','ZAB202400040','1','10',null,16796,0,0,0,null,'1',null,TIMESTAMP '2025-10-10 13:54:49.638')
  , ('202503','0','ZAB202400053','1',null,'9',0,540000,0,0,908000,'2',null,TIMESTAMP '2025-10-10 13:54:49.638')
  , ('202503','0','ZAB202400054','1','10',null,0,600000,0,0,null,'1',null,TIMESTAMP '2025-10-10 13:54:49.638')
  , ('202503','0','ZAB202400055','1','10',null,693185,1382522,0,0,null,'1',null,TIMESTAMP '2025-10-10 13:54:49.638')
  , ('202503','0','ZAB202400056','1','10',null,478762,600000,0,0,null,'1',null,TIMESTAMP '2025-10-10 13:54:49.638')
  , ('202503','0','ZAB202400058','1','10',null,452724,0,0,0,null,'1',null,TIMESTAMP '2025-10-10 13:54:49.638')
  , ('202503','0','ZAB202400061','1','10',null,0,0,0,0,null,'1',null,TIMESTAMP '2025-10-10 13:54:49.638')
  , ('202503','0','ZAB202400065','1','10',null,0,52000,0,0,null,'1',null,TIMESTAMP '2025-10-10 13:54:49.638')
  , ('202503','0','ZAB202400066','1','10',null,0,0,0,0,null,'1',null,TIMESTAMP '2025-10-10 13:54:49.638')
  , ('202503','0','ZAB202400069','1','10',null,0,0,0,0,null,'1',null,TIMESTAMP '2025-10-10 13:54:49.638')
  , ('202504','0','ZAB202300110','1','12',null,59079,0,0,0,null,'1',null,TIMESTAMP '2025-10-10 13:54:49.638')
  , ('202504','0','ZAB202400001','1','12',null,-1657545,160526,246625,0,null,'1',null,TIMESTAMP '2025-10-10 13:54:49.638')
  , ('202504','0','ZAB202400007','1','12',null,0,6003707,0,0,null,'1',null,TIMESTAMP '2025-10-10 13:54:49.638')
  , ('202504','0','ZAB202400038','1','12',null,456041,2693219,0,0,null,'1',null,TIMESTAMP '2025-10-10 13:54:49.638')
  , ('202504','0','ZAB202400053','1','12',null,0,0,0,0,null,'1',null,TIMESTAMP '2025-10-10 13:54:49.638')
  , ('202504','0','ZAB202400059','1','12',null,407394,0,0,0,null,'1',null,TIMESTAMP '2025-10-10 13:54:49.638')
  , ('202504','0','ZAB202400062','1','12',null,472851,1280000,0,0,null,'1',null,TIMESTAMP '2025-10-10 13:54:49.638')
  , ('202504','0','ZAB202400063','1','12',null,375722,610000,0,0,null,'1',null,TIMESTAMP '2025-10-10 13:54:49.638')
  , ('202504','0','ZAB202400064','1','12',null,0,610000,0,0,null,'1',null,TIMESTAMP '2025-10-10 13:54:49.638')
  , ('202504','0','ZAB202400068','1','12',null,346119,742920,0,0,null,'1',null,TIMESTAMP '2025-10-10 13:54:49.638')
  , ('202504','0','ZAB202400070','1','12',null,0,0,0,0,null,'1',null,TIMESTAMP '2025-10-10 13:54:49.638')
  , ('202504','0','ZAB202400072','1',null,'11',58376,449474,0,0,507850,'2',null,TIMESTAMP '2025-10-10 13:54:49.638')
  , ('202504','0','ZAB202400076','1','12',null,0,0,0,0,null,'1',null,TIMESTAMP '2025-10-10 13:54:49.638')
  , ('202505','0','ZAB202400001','1','14',null,540598,403200,271083,0,null,'1',null,TIMESTAMP '2025-10-10 13:54:49.638')
  , ('202505','0','ZAB202400008','1','14',null,0,6378872,0,0,null,'1',null,TIMESTAMP '2025-10-10 13:54:49.638')
  , ('202505','0','ZAB202400067','1',null,'13',264565,453786,220000,0,938351,'2',null,TIMESTAMP '2025-10-10 13:54:49.638')
  , ('202505','0','ZAB202400068','2',null,'13',348114,2028578,0,0,2376692,'2',null,TIMESTAMP '2025-10-10 13:54:49.638')
  , ('202505','0','ZAB20240006A','1','14',null,0,66541,0,0,null,'1',null,TIMESTAMP '2025-10-10 13:54:49.638')
  , ('202505','0','ZAB202400072','1','14',null,40348,610000,0,0,null,'1',null,TIMESTAMP '2025-10-10 13:54:49.638')
  , ('202505','0','ZAB202400073','1','14',null,455744,1278805,0,0,null,'1',null,TIMESTAMP '2025-10-10 13:54:49.638')
  , ('202505','0','ZAB202400074','1','14',null,381893,610000,0,0,null,'1',null,TIMESTAMP '2025-10-10 13:54:49.638')
  , ('202505','0','ZAB202400075','1','14',null,0,610000,0,0,null,'1',null,TIMESTAMP '2025-10-10 13:54:49.638')
  , ('202505','0','ZAB202400077','1','14',null,0,0,0,0,null,'1',null,TIMESTAMP '2025-10-10 13:54:49.638')
  , ('202505','0','ZAB202400082','1','14',null,468060,0,0,0,null,'1',null,TIMESTAMP '2025-10-10 13:54:49.638')
  , ('202505','0','ZAB202400084','1','14',null,0,0,0,0,null,'1',null,TIMESTAMP '2025-10-10 13:54:49.638')
  , ('202505','0','ZAB202400086','1','14',null,0,0,0,220000,null,'1',null,TIMESTAMP '2025-10-10 13:54:49.638')
  , ('202506','0','ZAB202400001','1','15',null,1664610,812985,348376,0,null,'1',null,TIMESTAMP '2025-10-10 13:54:49.638')
  , ('202506','0','ZAB202400009','1','15',null,0,5997127,0,0,null,'1',null,TIMESTAMP '2025-10-10 13:54:49.638')
  , ('202506','0','ZAB202400067','1',null,'16',289708,601260,0,0,1829319,'2',null,TIMESTAMP '2025-10-10 13:54:49.638')
  , ('202506','0','ZAB202400068','2','15',null,196458,0,0,0,null,'1',null,TIMESTAMP '2025-10-10 13:54:49.638')
  , ('202506','0','ZAB202400079','1','15',null,509777,1396480,0,0,null,'1',null,TIMESTAMP '2025-10-10 13:54:49.638')
  , ('202506','0','ZAB202400080','1','15',null,382746,610000,0,0,null,'1',null,TIMESTAMP '2025-10-10 13:54:49.638')
  , ('202506','0','ZAB202400081','1','15',null,0,610000,0,0,null,'1',null,TIMESTAMP '2025-10-10 13:54:49.638')
  , ('202506','0','ZAB202400083','1','15',null,396097,0,0,0,null,'1',null,TIMESTAMP '2025-10-10 13:54:49.638')
  , ('202506','0','ZAB202400085','1',null,'16',21615,321876,0,0,343491,'2',null,TIMESTAMP '2025-10-10 13:54:49.638')
  , ('202506','0','ZAB202400090','1','15',null,0,0,0,0,null,'1',null,TIMESTAMP '2025-10-10 13:54:49.638')
  , ('202507','0','ZAB202300089','1','17',null,1386,0,0,0,null,'1',null,TIMESTAMP '2025-10-10 13:54:49.638')
  , ('202507','0','ZAB202400001','1','17',null,2327256,64210,799101,0,null,'1',null,TIMESTAMP '2025-10-10 13:54:49.638')
  , ('202507','0','ZAB202400010','1','17',null,0,5840288,0,0,null,'1',null,TIMESTAMP '2025-10-10 13:54:49.638')
  , ('202507','0','ZAB202400067','1','17',null,211714,518285,0,0,null,'1',null,TIMESTAMP '2025-10-10 13:54:49.638')
  , ('202507','0','ZAB202400068','2','17',null,227074,2196198,0,0,null,'1',null,TIMESTAMP '2025-10-10 13:54:49.638')
  , ('202507','0','ZAB202400078','1','17',null,0,0,0,0,null,'1',null,TIMESTAMP '2025-10-10 13:54:49.638')
  , ('202507','0','ZAB202400085','1',null,'18',164568,545455,0,0,1053514,'2',null,TIMESTAMP '2025-10-10 13:54:49.638')
  , ('202507','0','ZAB202400087','1','17',null,426065,1725430,0,0,null,'1',null,TIMESTAMP '2025-10-10 13:54:49.638')
  , ('202507','0','ZAB202400088','1','17',null,478856,610000,0,0,null,'1',null,TIMESTAMP '2025-10-10 13:54:49.638')
  , ('202507','0','ZAB202400089','1',null,'18',248772,465525,0,0,714297,'2',null,TIMESTAMP '2025-10-10 13:54:49.638')
  , ('202507','0','ZAB202400092','1',null,'18',8327,80265,0,0,88592,'2',null,TIMESTAMP '2025-10-10 13:54:49.638')
  , ('202507','0','ZAB202400093','1','17',null,0,0,0,0,null,'1',null,TIMESTAMP '2025-10-10 13:54:49.638')
  , ('202507','0','ZAB202400096','1','17',null,465113,0,0,0,null,'1',null,TIMESTAMP '2025-10-10 13:54:49.638')
  , ('202507','0','ZAB202400097','1','17',null,0,727000,0,0,null,'1',null,TIMESTAMP '2025-10-10 13:54:49.638')
  , ('202507','0','ZAB202400098','1','17',null,0,0,0,0,null,'1',null,TIMESTAMP '2025-10-10 13:54:49.638')
  , ('202507','0','ZAB202400099','1','17',null,0,0,0,0,null,'1',null,TIMESTAMP '2025-10-10 13:54:49.638')
  , ('202508','0','ZAB202400001','1','19',null,1204613,0,334381,0,null,'1',null,TIMESTAMP '2025-10-10 13:54:49.638')
  , ('202508','0','ZAB202400011','1','19',null,0,5636403,0,0,null,'1',null,TIMESTAMP '2025-10-10 13:54:49.638')
  , ('202508','0','ZAB202400041','1',null,'20',213341,618000,0,0,831341,'2',null,TIMESTAMP '2025-10-10 13:54:49.638')
  , ('202508','0','ZAB202400067','1','19',null,86163,162992,0,0,null,'1',null,TIMESTAMP '2025-10-10 13:54:49.638')
  , ('202508','0','ZAB202400085','1',null,'20',457060,459638,129724,0,2099936,'2',null,TIMESTAMP '2025-10-10 13:54:49.638')
  , ('202508','0','ZAB202400089','1','19',null,164458,235840,0,0,null,'1',null,TIMESTAMP '2025-10-10 13:54:49.638')
  , ('202508','0','ZAB202400092','1',null,'20',311520,488968,0,0,889080,'2',null,TIMESTAMP '2025-10-10 13:54:49.638')
  , ('202508','0','ZAB202400093','1','19',null,4968,0,1991,0,null,'1',null,TIMESTAMP '2025-10-10 13:54:49.638')
  , ('202508','0','ZAB202400094','1','19',null,851646,1782310,0,0,null,'1',null,TIMESTAMP '2025-10-10 13:54:49.638')
  , ('202508','0','ZAB202400095','1','19',null,377386,505600,0,0,null,'1',null,TIMESTAMP '2025-10-10 13:54:49.638')
  , ('202508','0','ZAB202400100','1','19',null,0,0,0,0,null,'1',null,TIMESTAMP '2025-10-10 13:54:49.638')
  , ('202508','0','ZAB202400101','1',null,'20',0,0,0,109497,109497,'2',null,TIMESTAMP '2025-10-10 13:54:49.638')
  , ('202508','0','ZAB202400104','1','19',null,188899,0,0,0,null,'1',null,TIMESTAMP '2025-10-10 13:54:49.638')
  , ('202508','0','ZAB202400109','1','19',null,0,0,0,0,null,'1',null,TIMESTAMP '2025-10-10 13:54:49.638')
  , ('202508','0','ZAB202400110','1','19',null,0,0,0,0,null,'1',null,TIMESTAMP '2025-10-10 13:54:49.638')
  , ('202508','1','ZAB202400001','1','22',null,1204613,0,334381,0,null,'1',1,TIMESTAMP '2025-10-23 17:01:22.969')
  , ('202508','1','ZAB202400011','1','22',null,0,5636403,0,0,null,'1',1,TIMESTAMP '2025-10-23 17:01:22.969')
  , ('202508','1','ZAB202400041','1',null,'21',213341,618000,0,0,831341,'2',1,TIMESTAMP '2025-10-23 17:01:22.969')
  , ('202508','1','ZAB202400067','1','22',null,86163,162992,0,0,null,'1',1,TIMESTAMP '2025-10-23 17:01:22.969')
  , ('202508','1','ZAB202400085','1',null,'21',457060,459638,129724,0,2099936,'2',1,TIMESTAMP '2025-10-23 17:01:22.969')
  , ('202508','1','ZAB202400089','1','22',null,164458,235840,0,0,null,'1',1,TIMESTAMP '2025-10-23 17:01:22.969')
  , ('202508','1','ZAB202400092','1',null,'21',311520,488968,0,0,889080,'2',1,TIMESTAMP '2025-10-23 17:01:22.969')
  , ('202508','1','ZAB202400093','1','22',null,4968,0,1991,0,null,'1',1,TIMESTAMP '2025-10-23 17:01:22.969')
  , ('202508','1','ZAB202400094','1','22',null,851646,1782310,0,0,null,'1',1,TIMESTAMP '2025-10-23 17:01:22.969')
  , ('202508','1','ZAB202400095','1','22',null,377386,505600,0,0,null,'1',1,TIMESTAMP '2025-10-23 17:01:22.969')
  , ('202508','1','ZAB202400100','1','22',null,0,0,0,0,null,'1',1,TIMESTAMP '2025-10-23 17:01:22.969')
  , ('202508','1','ZAB202400101','1',null,'21',0,0,0,109497,109497,'2',1,TIMESTAMP '2025-10-23 17:01:22.969')
  , ('202508','1','ZAB202400104','1','22',null,188899,0,0,0,null,'1',1,TIMESTAMP '2025-10-23 17:01:22.969')
  , ('202508','1','ZAB202400109','1','22',null,0,0,0,0,null,'1',1,TIMESTAMP '2025-10-23 17:01:22.969')
  , ('202508','1','ZAB202400110','1','22',null,0,0,0,0,null,'1',1,TIMESTAMP '2025-10-23 17:01:22.969');
